sample_id,Clade,ITS2,its2_count,Majority,species,region,reef
PDOG-R1-1,A,84568,21483,A1/A1c,P,DOG,R1
PDOG-R1-12,A,85581,6434,A1,P,DOG,R1
PDOG-R1-13,A,85586,11770,A1,P,DOG,R1
PDOG-R1-14,A,84568,16758,A1/A1c,P,DOG,R1
PDOG-R1-16,A,85586,19712,A1,P,DOG,R1
PDOG-R1-18,A,85581,16383,A1,P,DOG,R1
PDOG-R1-19,A,85586,15674,A1,P,DOG,R1
PDOG-R1-2,A,85586,14945,A1,P,DOG,R1
PDOG-R1-20,A,85585,16871,A1/A1c,P,DOG,R1
PDOG-R1-21,A,84568,15506,A1/A1c,P,DOG,R1
PDOG-R1-22,A,84553,23191,A1,P,DOG,R1
PDOG-R1-23,A,85585,12748,A1/A1c,P,DOG,R1
PDOG-R1-24,A,85586,26189,A1,P,DOG,R1
PDOG-R1-27,A,85581,17932,A1,P,DOG,R1
PDOG-R1-28,A,84575,18904,A1j,P,DOG,R1
PDOG-R1-29,A,85586,16299,A1,P,DOG,R1
PDOG-R1-30,A,85586,18398,A1,P,DOG,R1
PDOG-R1-5,A,85581,14488,A1,P,DOG,R1
PDOG-R1-6,A,84575,17889,A1j,P,DOG,R1
PDOG-R1-7,A,85586,11553,A1,P,DOG,R1
PDOG-R1-8,A,85585,24755,A1/A1c,P,DOG,R1
PDOG-R1-9,A,84568,18675,A1/A1c,P,DOG,R1
PDOG-R2-1,A,85581,21883,A1,P,DOG,R2
PDOG-R2-10,A,85661,21390,A1j,P,DOG,R2
PDOG-R2-11,A,84568,13899,A1/A1c,P,DOG,R2
PDOG-R2-12,A,84575,11585,A1j,P,DOG,R2
PDOG-R2-15,A,85586,14070,A1,P,DOG,R2
PDOG-R2-17,A,85581,14280,A1,P,DOG,R2
PDOG-R2-19,A,85581,20753,A1,P,DOG,R2
PDOG-R2-2,A,84574,15654,A1j,P,DOG,R2
PDOG-R2-20,A,85585,18263,A1/A1c,P,DOG,R2
PDOG-R2-21,A,85581,11902,A1,P,DOG,R2
PDOG-R2-22,A,85586,6330,A1,P,DOG,R2
PDOG-R2-23,A,85585,6858,A1/A1c,P,DOG,R2
PDOG-R2-24,A,84568,17173,A1/A1c,P,DOG,R2
PDOG-R2-25,A,85581,21897,A1,P,DOG,R2
PDOG-R2-26,A,84574,20432,A1j,P,DOG,R2
PDOG-R2-3,A,85581,13435,A1,P,DOG,R2
PDOG-R2-5,A,85586,11976,A1,P,DOG,R2
PDOG-R2-6,A,84574,16793,A1j,P,DOG,R2
PDOG-R2-8,A,85661,17579,A1j,P,DOG,R2
PDOG-R2-9,A,85586,15376,A1,P,DOG,R2
PDOG-R3-10,A,85581,22958,A1,P,DOG,R3
PDOG-R3-11,A,85581,17021,A1,P,DOG,R3
PDOG-R3-12,A,84574,19374,A1j,P,DOG,R3
PDOG-R3-14,A,84568,18971,A1/A1c,P,DOG,R3
PDOG-R3-16,A,85586,19575,A1,P,DOG,R3
PDOG-R3-18,A,84568,22067,A1/A1c,P,DOG,R3
PDOG-R3-19,A,85586,10574,A1,P,DOG,R3
PDOG-R3-20,A,85581,15752,A1,P,DOG,R3
PDOG-R3-21,A,85586,20582,A1,P,DOG,R3
PDOG-R3-24,A,85581,21878,A1,P,DOG,R3
PDOG-R3-26,A,85586,18866,A1,P,DOG,R3
PDOG-R3-27,A,84568,19736,A1/A1c,P,DOG,R3
PDOG-R3-28,A,85586,18895,A1,P,DOG,R3
PDOG-R3-29,A,85586,10766,A1,P,DOG,R3
PDOG-R3-30,A,85661,18935,A1j,P,DOG,R3
PDOG-R3-5,A,84568,17299,A1/A1c,P,DOG,R3
PDOG-R3-6,A,84572,17566,A1/A1j,P,DOG,R3
PDOG-R3-7,A,85585,23765,A1/A1c,P,DOG,R3
PDOG-R3-8,A,85586,18925,A1,P,DOG,R3
PDOG-R3-9,A,85585,21197,A1/A1c,P,DOG,R3
PFAR-R3-1,A,84574,12566,A1j,P,FAR,R3
PFAR-R3-12,A,85661,11631,A1j,P,FAR,R3
PFAR-R3-14,A,85661,12602,A1j,P,FAR,R3
PFAR-R3-16,A,84574,8771,A1j,P,FAR,R3
PFAR-R3-17,A,84574,14713,A1j,P,FAR,R3
PFAR-R3-18,A,85661,8260,A1j,P,FAR,R3
PFAR-R3-19,A,85661,15862,A1j,P,FAR,R3
PFAR-R3-2,A,85661,18421,A1j,P,FAR,R3
PFAR-R3-20,A,84574,10643,A1j,P,FAR,R3
PFAR-R3-21,A,84574,11526,A1j,P,FAR,R3
PFAR-R3-22,A,85661,14706,A1j,P,FAR,R3
PFAR-R3-23,A,84574,16870,A1j,P,FAR,R3
PFAR-R3-24,A,84575,31147,A1j,P,FAR,R3
PFAR-R3-25,A,84574,17867,A1j,P,FAR,R3
PFAR-R3-27,A,84574,15776,A1j,P,FAR,R3
PFAR-R3-28,A,85661,12993,A1j,P,FAR,R3
PFAR-R3-29,A,84574,10957,A1j,P,FAR,R3
PFAR-R3-3,A,85661,10586,A1j,P,FAR,R3
PFAR-R3-30,A,84574,11611,A1j,P,FAR,R3
PFAR-R3-4,A,84574,10587,A1j,P,FAR,R3
PFAR-R3-8,A,85661,8126,A1j,P,FAR,R3
PFAR-R3-9,A,84575,18262,A1j,P,FAR,R3
PKAU-R1-1,A,84568,23570,A1/A1c,P,KAU,R1
PKAU-R1-10,A,85585,12821,A1/A1c,P,KAU,R1
PKAU-R1-11,A,84568,25238,A1/A1c,P,KAU,R1
PKAU-R1-14,A,85585,13624,A1/A1c,P,KAU,R1
PKAU-R1-16,A,84568,11543,A1/A1c,P,KAU,R1
PKAU-R1-17,A,85581,13921,A1,P,KAU,R1
PKAU-R1-19,A,84568,16604,A1/A1c,P,KAU,R1
PKAU-R1-2,A,85585,24751,A1/A1c,P,KAU,R1
PKAU-R1-20,A,85581,20209,A1,P,KAU,R1
PKAU-R1-22,A,85581,21885,A1,P,KAU,R1
PKAU-R1-23,A,85586,17387,A1,P,KAU,R1
PKAU-R1-25,A,84568,15969,A1/A1c,P,KAU,R1
PKAU-R1-26,A,85585,16179,A1/A1c,P,KAU,R1
PKAU-R1-28,A,85581,13398,A1,P,KAU,R1
PKAU-R1-29,A,85581,14339,A1,P,KAU,R1
PKAU-R1-31,A,85586,11715,A1,P,KAU,R1
PKAU-R1-32,A,84568,20222,A1/A1c,P,KAU,R1
PKAU-R1-34,A,84568,17698,A1/A1c,P,KAU,R1
PKAU-R1-35,A,84568,19306,A1/A1c,P,KAU,R1
PKAU-R1-37,A,85586,6924,A1,P,KAU,R1
PKAU-R1-38,A,85585,37872,A1/A1c,P,KAU,R1
PKAU-R1-4,A,85581,15643,A1,P,KAU,R1
PKAU-R1-40,A,85584,22257,A1,P,KAU,R1
PKAU-R1-7,A,85585,18120,A1/A1c,P,KAU,R1
PKAU-R1-8,A,85581,12631,A1,P,KAU,R1
PKAU-R2-10,A,85585,18727,A1/A1c,P,KAU,R2
PKAU-R2-11,A,84568,11395,A1/A1c,P,KAU,R2
PKAU-R2-13,A,85586,18025,A1,P,KAU,R2
PKAU-R2-14,A,85586,14211,A1,P,KAU,R2
PKAU-R2-15,A,84568,10421,A1/A1c,P,KAU,R2
PKAU-R2-17,A,85585,23838,A1/A1c,P,KAU,R2
PKAU-R2-18,A,85581,17836,A1,P,KAU,R2
PKAU-R2-19,A,84575,14504,A1j,P,KAU,R2
PKAU-R2-2,A,85581,13781,A1,P,KAU,R2
PKAU-R2-21,A,84572,11316,A1/A1j,P,KAU,R2
PKAU-R2-22,A,85585,10543,A1/A1c,P,KAU,R2
PKAU-R2-23,A,85586,15608,A1,P,KAU,R2
PKAU-R2-25,A,84572,14640,A1/A1j,P,KAU,R2
PKAU-R2-26,A,84575,15580,A1j,P,KAU,R2
PKAU-R2-27,A,84568,13549,A1/A1c,P,KAU,R2
PKAU-R2-29,A,84572,9706,A1/A1j,P,KAU,R2
PKAU-R2-3,A,84572,10590,A1/A1j,P,KAU,R2
PKAU-R2-30,A,85586,14787,A1,P,KAU,R2
PKAU-R2-31,A,84552,12639,A1,P,KAU,R2
PKAU-R2-5,A,85586,11541,A1,P,KAU,R2
PKAU-R2-6,A,85586,9021,A1,P,KAU,R2
PKAU-R2-7,A,85586,10741,A1,P,KAU,R2
PKAU-R2-9,A,84568,14842,A1/A1c,P,KAU,R2
PKAU-R3-1,A,84568,24012,A1/A1c,P,KAU,R3
PKAU-R3-10,A,85586,13107,A1,P,KAU,R3
PKAU-R3-11,A,84572,16091,A1/A1j,P,KAU,R3
PKAU-R3-12,A,85581,20737,A1,P,KAU,R3
PKAU-R3-13,A,85585,25365,A1/A1c,P,KAU,R3
PKAU-R3-14,A,85581,4841,A1,P,KAU,R3
PKAU-R3-15,A,85586,16460,A1,P,KAU,R3
PKAU-R3-17,A,84568,10071,A1/A1c,P,KAU,R3
PKAU-R3-18,A,85581,13402,A1,P,KAU,R3
PKAU-R3-19,A,84568,17005,A1/A1c,P,KAU,R3
PKAU-R3-2,A,85585,12160,A1/A1c,P,KAU,R3
PKAU-R3-20,A,85585,13143,A1/A1c,P,KAU,R3
PKAU-R3-21,A,84572,23922,A1/A1j,P,KAU,R3
PKAU-R3-22,A,85585,13478,A1/A1c,P,KAU,R3
PKAU-R3-23,A,84572,15534,A1/A1j,P,KAU,R3
PKAU-R3-25,A,84568,21189,A1/A1c,P,KAU,R3
PKAU-R3-26,A,85581,20098,A1,P,KAU,R3
PKAU-R3-27,A,85586,20721,A1,P,KAU,R3
PKAU-R3-28,A,85581,17056,A1,P,KAU,R3
PKAU-R3-3,A,85584,12674,A1,P,KAU,R3
PKAU-R3-4,A,85586,11188,A1,P,KAU,R3
PKAU-R3-5,A,84553,16494,A1,P,KAU,R3
PKAU-R3-6,A,85660,15630,A1/A1bv,P,KAU,R3
PKAU-R3-7,A,85586,18381,A1,P,KAU,R3
PKAU-R3-9,A,85660,14670,A1/A1bv,P,KAU,R3
PMAQ-R1-10,A,84573,39413,A1,P,MAQ,R1
PMAQ-R1-12,A,85595,28149,A1,P,MAQ,R1
PMAQ-R1-15,A,85625,25578,A1,P,MAQ,R1
PMAQ-R1-16,A,84614,16152,A1,P,MAQ,R1
PMAQ-R1-17,A,85595,15977,A1,P,MAQ,R1
PMAQ-R1-20,A,84552,25368,A1,P,MAQ,R1
PMAQ-R1-26,A,84552,20441,A1,P,MAQ,R1
PMAQ-R1-27,C,85083,524,C3,P,MAQ,R1
PMAQ-R1-3,A,85595,30360,A1,P,MAQ,R1
PMAQ-R1-30,A,85594,6959,A1,P,MAQ,R1
PMAQ-R1-4,C,85083,1083,C3,P,MAQ,R1
PMAQ-R1-6,A,84573,15289,A1,P,MAQ,R1
PMAQ-R2-10,A,84571,17015,A1,P,MAQ,R2
PMAQ-R2-12,A,85595,18020,A1,P,MAQ,R2
PMAQ-R2-13,A,85595,14068,A1,P,MAQ,R2
PMAQ-R2-14,A,85595,14924,A1,P,MAQ,R2
PMAQ-R2-15,A,85594,5995,A1,P,MAQ,R2
PMAQ-R2-16,A,84571,13816,A1,P,MAQ,R2
PMAQ-R2-18,C,85083,242,C3,P,MAQ,R2
PMAQ-R2-19,C,85083,759,C3,P,MAQ,R2
PMAQ-R2-2,A,85595,16140,A1,P,MAQ,R2
PMAQ-R2-21,C,85083,484,C3,P,MAQ,R2
PMAQ-R2-22,A,85595,28099,A1,P,MAQ,R2
PMAQ-R2-25,A,84571,17058,A1,P,MAQ,R2
PMAQ-R2-27,A,85595,12202,A1,P,MAQ,R2
PMAQ-R2-28,C,85083,218,C3,P,MAQ,R2
PMAQ-R2-29,A,85625,4107,A1,P,MAQ,R2
PMAQ-R2-3,A,85595,14369,A1,P,MAQ,R2
PMAQ-R2-32,A,84573,4904,A1,P,MAQ,R2
PMAQ-R2-35,C,85083,127,C3,P,MAQ,R2
PMAQ-R2-38,A,84571,12284,A1,P,MAQ,R2
PMAQ-R2-4,C,85083,562,C3,P,MAQ,R2
PMAQ-R2-5,A,85595,13009,A1,P,MAQ,R2
PMAQ-R2-6,A,84571,15148,A1,P,MAQ,R2
PMAQ-R2-7,A,84571,29225,A1,P,MAQ,R2
PWAJ-R1-1,A,85585,18496,A1/A1c,P,WAJ,R1
PWAJ-R1-10,A,85586,10907,A1,P,WAJ,R1
PWAJ-R1-14,A,85586,16801,A1,P,WAJ,R1
PWAJ-R1-16,A,85601,14892,A1,P,WAJ,R1
PWAJ-R1-17,A,85581,15547,A1,P,WAJ,R1
PWAJ-R1-19,A,85660,11002,A1/A1bv,P,WAJ,R1
PWAJ-R1-20,A,84568,17680,A1/A1c,P,WAJ,R1
PWAJ-R1-22,A,85584,14828,A1,P,WAJ,R1
PWAJ-R1-24,A,84572,19580,A1/A1j,P,WAJ,R1
PWAJ-R1-26,A,84571,17202,A1,P,WAJ,R1
PWAJ-R1-27,A,85586,11217,A1,P,WAJ,R1
PWAJ-R1-28,A,85581,17774,A1,P,WAJ,R1
PWAJ-R1-29,A,85581,15603,A1,P,WAJ,R1
PWAJ-R1-3,A,84568,19751,A1/A1c,P,WAJ,R1
PWAJ-R1-30,A,85581,11688,A1,P,WAJ,R1
PWAJ-R1-31,A,85660,14691,A1/A1bv,P,WAJ,R1
PWAJ-R1-33,A,85586,6399,A1,P,WAJ,R1
PWAJ-R1-35,A,84568,15839,A1/A1c,P,WAJ,R1
PWAJ-R1-37,A,85585,9167,A1/A1c,P,WAJ,R1
PWAJ-R1-38,A,85585,11451,A1/A1c,P,WAJ,R1
PWAJ-R1-39,A,85586,11053,A1,P,WAJ,R1
PWAJ-R1-4,A,84568,24477,A1/A1c,P,WAJ,R1
PWAJ-R1-6,A,85581,25522,A1,P,WAJ,R1
PWAJ-R1-7,A,85595,22632,A1,P,WAJ,R1
PWAJ-R1-8,A,85586,14083,A1,P,WAJ,R1
PWAJ-R2-1,A,85586,14692,A1,P,WAJ,R2
PWAJ-R2-10,A,85586,15978,A1,P,WAJ,R2
PWAJ-R2-11,A,84568,10634,A1/A1c,P,WAJ,R2
PWAJ-R2-12,A,85586,10770,A1,P,WAJ,R2
PWAJ-R2-13,A,84575,9065,A1j,P,WAJ,R2
PWAJ-R2-14,A,85581,16821,A1,P,WAJ,R2
PWAJ-R2-15,A,85585,14102,A1/A1c,P,WAJ,R2
PWAJ-R2-16,A,84568,20442,A1/A1c,P,WAJ,R2
PWAJ-R2-17,A,84568,22149,A1/A1c,P,WAJ,R2
PWAJ-R2-18,A,84568,19747,A1/A1c,P,WAJ,R2
PWAJ-R2-19,A,85586,11533,A1,P,WAJ,R2
PWAJ-R2-2,A,84571,16248,A1,P,WAJ,R2
PWAJ-R2-24,A,85586,13439,A1,P,WAJ,R2
PWAJ-R2-25,A,85586,15005,A1,P,WAJ,R2
PWAJ-R2-26,A,84568,21511,A1/A1c,P,WAJ,R2
PWAJ-R2-27,A,84568,15052,A1/A1c,P,WAJ,R2
PWAJ-R2-28,A,85586,12353,A1,P,WAJ,R2
PWAJ-R2-29,A,84568,13159,A1/A1c,P,WAJ,R2
PWAJ-R2-3,A,84568,15889,A1/A1c,P,WAJ,R2
PWAJ-R2-30,A,85586,16322,A1,P,WAJ,R2
PWAJ-R2-4,A,85585,16427,A1/A1c,P,WAJ,R2
PWAJ-R2-5,A,85586,14913,A1,P,WAJ,R2
PWAJ-R2-7,A,85581,6965,A1,P,WAJ,R2
PWAJ-R2-8,A,85581,12052,A1,P,WAJ,R2
PWAJ-R2-9,A,84568,11169,A1/A1c,P,WAJ,R2
PWAJ-R3-1,A,85586,17673,A1,P,WAJ,R3
PWAJ-R3-10,A,84568,34628,A1/A1c,P,WAJ,R3
PWAJ-R3-11,A,85585,10709,A1/A1c,P,WAJ,R3
PWAJ-R3-13,A,85585,12639,A1/A1c,P,WAJ,R3
PWAJ-R3-17,A,85581,6591,A1,P,WAJ,R3
PWAJ-R3-18,C,85083,298,C3,P,WAJ,R3
PWAJ-R3-2,C,85083,528,C3,P,WAJ,R3
PWAJ-R3-21,A,85585,14596,A1/A1c,P,WAJ,R3
PWAJ-R3-22,A,84568,20653,A1/A1c,P,WAJ,R3
PWAJ-R3-23,C,85083,457,C3,P,WAJ,R3
PWAJ-R3-25,A,84571,8148,A1,P,WAJ,R3
PWAJ-R3-27,A,85581,7352,A1,P,WAJ,R3
PWAJ-R3-28,C,85083,356,C3,P,WAJ,R3
PWAJ-R3-29,A,85625,8033,A1,P,WAJ,R3
PWAJ-R3-3,A,84571,17424,A1,P,WAJ,R3
PWAJ-R3-30,A,85581,11265,A1,P,WAJ,R3
PWAJ-R3-4,A,84568,18973,A1/A1c,P,WAJ,R3
PWAJ-R3-6,C,85083,494,C3,P,WAJ,R3
PWAJ-R3-8,A,85586,17288,A1,P,WAJ,R3
PWAJ-R3-9,A,84568,17233,A1/A1c,P,WAJ,R3
PYAN-R1-1,A,84575,11017,A1j,P,YAN,R1
PYAN-R1-10,A,84567,19546,A1,P,YAN,R1
PYAN-R1-12,A,84568,17236,A1/A1c,P,YAN,R1
PYAN-R1-14,A,85581,24613,A1,P,YAN,R1
PYAN-R1-18,A,85586,12091,A1,P,YAN,R1
PYAN-R1-19,A,84568,14932,A1/A1c,P,YAN,R1
PYAN-R1-2,A,85586,9406,A1,P,YAN,R1
PYAN-R1-22,A,85581,14531,A1,P,YAN,R1
PYAN-R1-23,A,85586,14689,A1,P,YAN,R1
PYAN-R1-25,A,84553,14120,A1,P,YAN,R1
PYAN-R1-27,A,85585,26645,A1/A1c,P,YAN,R1
PYAN-R1-3,A,84568,11666,A1/A1c,P,YAN,R1
PYAN-R1-30,A,84568,20569,A1/A1c,P,YAN,R1
PYAN-R1-6,A,85586,15649,A1,P,YAN,R1
PYAN-R1-7,A,85585,12603,A1/A1c,P,YAN,R1
PYAN-R1-8,A,85585,14358,A1/A1c,P,YAN,R1
PYAN-R1-9,A,85586,20529,A1,P,YAN,R1
PYAN-R3-1,A,85586,17196,A1,P,YAN,R3
PYAN-R3-10,A,85586,14612,A1,P,YAN,R3
PYAN-R3-11,A,85581,24829,A1,P,YAN,R3
PYAN-R3-13,A,84568,18219,A1/A1c,P,YAN,R3
PYAN-R3-15,A,85581,12607,A1,P,YAN,R3
PYAN-R3-17,A,85585,14600,A1/A1c,P,YAN,R3
PYAN-R3-19,A,85586,22895,A1,P,YAN,R3
PYAN-R3-2,A,84572,15868,A1/A1j,P,YAN,R3
PYAN-R3-21,A,85586,13607,A1,P,YAN,R3
PYAN-R3-23,A,85581,13936,A1,P,YAN,R3
PYAN-R3-27,A,85586,16610,A1,P,YAN,R3
PYAN-R3-29,A,85581,14115,A1,P,YAN,R3
PYAN-R3-30,A,84575,16814,A1j,P,YAN,R3
PYAN-R3-5,A,85586,14028,A1,P,YAN,R3
PYAN-R3-6,A,85581,17152,A1,P,YAN,R3
PYAN-R3-7,A,85581,12155,A1,P,YAN,R3
PYAN-R3-9,A,85586,14789,A1,P,YAN,R3
SDOG-R1-16,A,85583,8326,A1,S,DOG,R1
SDOG-R1-18,A,84552,10088,A1,S,DOG,R1
SDOG-R1-19,A,85591,7952,A1,S,DOG,R1
SDOG-R1-2,A,84679,14163,A1,S,DOG,R1
SDOG-R1-20,A,84552,10267,A1,S,DOG,R1
SDOG-R1-21,A,85583,9167,A1,S,DOG,R1
SDOG-R1-22,A,84552,10299,A1,S,DOG,R1
SDOG-R1-24,A,84566,9734,A1,S,DOG,R1
SDOG-R1-25,A,84566,13487,A1,S,DOG,R1
SDOG-R1-26,A,84552,10303,A1,S,DOG,R1
SDOG-R1-28,A,85624,11706,A1,S,DOG,R1
SDOG-R1-29,A,84566,11332,A1,S,DOG,R1
SDOG-R1-30,A,84566,14308,A1,S,DOG,R1
SDOG-R1-7,A,85583,8333,A1,S,DOG,R1
SDOG-R2-1,A,84607,19731,A1,S,DOG,R2
SDOG-R2-11,A,84607,11281,A1,S,DOG,R2
SDOG-R2-13,A,85591,9602,A1,S,DOG,R2
SDOG-R2-14,A,84607,12383,A1,S,DOG,R2
SDOG-R2-15,A,84607,13907,A1,S,DOG,R2
SDOG-R2-16,A,84566,13172,A1,S,DOG,R2
SDOG-R2-17,A,84607,14312,A1,S,DOG,R2
SDOG-R2-18,A,84566,17640,A1,S,DOG,R2
SDOG-R2-19,A,84552,21320,A1,S,DOG,R2
SDOG-R2-21,A,84614,8866,A1,S,DOG,R2
SDOG-R2-22,A,85591,16230,A1,S,DOG,R2
SDOG-R2-24,A,84607,18541,A1,S,DOG,R2
SDOG-R2-26,A,84591,7437,A1,S,DOG,R2
SDOG-R2-28,A,84614,9021,A1,S,DOG,R2
SDOG-R2-29,A,84569,8145,A1,S,DOG,R2
SDOG-R2-3,A,84566,13890,A1,S,DOG,R2
SDOG-R2-30,A,84569,21500,A1,S,DOG,R2
SDOG-R2-4,A,84566,16389,A1,S,DOG,R2
SDOG-R2-5,A,84566,8140,A1,S,DOG,R2
SDOG-R2-6,A,84569,20692,A1,S,DOG,R2
SDOG-R2-8,A,84566,24213,A1,S,DOG,R2
SDOG-R3-10,A,84566,11420,A1,S,DOG,R3
SDOG-R3-11,A,84607,14786,A1,S,DOG,R3
SDOG-R3-12,A,84607,14821,A1,S,DOG,R3
SDOG-R3-13,A,84566,27690,A1,S,DOG,R3
SDOG-R3-14,A,84552,19699,A1,S,DOG,R3
SDOG-R3-15,A,84566,22262,A1,S,DOG,R3
SDOG-R3-16,A,84552,21226,A1,S,DOG,R3
SDOG-R3-17,A,84607,16015,A1,S,DOG,R3
SDOG-R3-18,A,84566,22974,A1,S,DOG,R3
SDOG-R3-19,A,84607,19134,A1,S,DOG,R3
SDOG-R3-2,A,84566,24454,A1,S,DOG,R3
SDOG-R3-20,A,84552,22814,A1,S,DOG,R3
SDOG-R3-21,A,84607,16986,A1,S,DOG,R3
SDOG-R3-23,A,84607,20236,A1,S,DOG,R3
SDOG-R3-24,A,84607,16325,A1,S,DOG,R3
SDOG-R3-25,A,84566,32887,A1,S,DOG,R3
SDOG-R3-26,A,84679,19743,A1,S,DOG,R3
SDOG-R3-28,A,84607,25624,A1,S,DOG,R3
SDOG-R3-3,A,84569,7950,A1,S,DOG,R3
SDOG-R3-4,A,84566,18687,A1,S,DOG,R3
SDOG-R3-5,A,84566,7905,A1,S,DOG,R3
SDOG-R3-6,A,84566,18446,A1,S,DOG,R3
SDOG-R3-7,A,85599,11276,A1,S,DOG,R3
SDOG-R3-8,A,84552,16093,A1,S,DOG,R3
SDOG-R3-9,A,84607,12742,A1,S,DOG,R3
SFAR-R1-1,A,85591,20953,A1,S,FAR,R1
SFAR-R1-10,A,84608,21669,A1,S,FAR,R1
SFAR-R1-11,A,85591,27056,A1,S,FAR,R1
SFAR-R1-14,A,85591,15167,A1,S,FAR,R1
SFAR-R1-15,A,84608,13040,A1,S,FAR,R1
SFAR-R1-16,A,85591,14704,A1,S,FAR,R1
SFAR-R1-17,A,84608,17564,A1,S,FAR,R1
SFAR-R1-18,A,84608,12655,A1,S,FAR,R1
SFAR-R1-19,A,84608,16525,A1,S,FAR,R1
SFAR-R1-2,A,84608,14487,A1,S,FAR,R1
SFAR-R1-20,A,84608,8727,A1,S,FAR,R1
SFAR-R1-22,A,85591,13075,A1,S,FAR,R1
SFAR-R1-23,A,84566,11472,A1,S,FAR,R1
SFAR-R1-24,A,84608,16899,A1,S,FAR,R1
SFAR-R1-25,A,85591,28617,A1,S,FAR,R1
SFAR-R1-27,A,85591,19635,A1,S,FAR,R1
SFAR-R1-28,A,85591,22202,A1,S,FAR,R1
SFAR-R1-29,A,85591,14311,A1,S,FAR,R1
SFAR-R1-3,A,85591,17027,A1,S,FAR,R1
SFAR-R1-4,A,84608,22233,A1,S,FAR,R1
SFAR-R1-5,A,84608,15458,A1,S,FAR,R1
SFAR-R1-6,A,85591,29205,A1,S,FAR,R1
SFAR-R1-7,A,84608,11319,A1,S,FAR,R1
SFAR-R1-8,A,85591,18864,A1,S,FAR,R1
SFAR-R1-9,A,84608,10283,A1,S,FAR,R1
SFAR-R2-1,A,84576,15857,A1/A1bz,S,FAR,R2
SFAR-R2-10,A,84576,16184,A1/A1bz,S,FAR,R2
SFAR-R2-12,A,84576,6415,A1/A1bz,S,FAR,R2
SFAR-R2-13,A,84569,13786,A1,S,FAR,R2
SFAR-R2-14,A,84570,10620,A1,S,FAR,R2
SFAR-R2-15,A,84570,12055,A1,S,FAR,R2
SFAR-R2-16,A,84576,9428,A1/A1bz,S,FAR,R2
SFAR-R2-17,A,85591,11642,A1,S,FAR,R2
SFAR-R2-18,A,85591,6947,A1,S,FAR,R2
SFAR-R2-2,A,84570,9178,A1,S,FAR,R2
SFAR-R2-20,A,84570,8222,A1,S,FAR,R2
SFAR-R2-21,A,84569,14761,A1,S,FAR,R2
SFAR-R2-23,A,84576,1420,A1/A1bz,S,FAR,R2
SFAR-R2-25,A,84570,14812,A1,S,FAR,R2
SFAR-R2-26,A,84576,10394,A1/A1bz,S,FAR,R2
SFAR-R2-27,A,84576,10645,A1/A1bz,S,FAR,R2
SFAR-R2-3,A,84576,8517,A1/A1bz,S,FAR,R2
SFAR-R2-5,A,84576,14252,A1/A1bz,S,FAR,R2
SFAR-R2-7,A,84570,9403,A1,S,FAR,R2
SFAR-R3-1,A,85596,11358,A1,S,FAR,R3
SFAR-R3-10,A,84566,10200,A1,S,FAR,R3
SFAR-R3-11,A,85596,13103,A1,S,FAR,R3
SFAR-R3-12,A,85591,3560,A1,S,FAR,R3
SFAR-R3-13,A,85596,9994,A1,S,FAR,R3
SFAR-R3-14,A,85596,9814,A1,S,FAR,R3
SFAR-R3-15,A,85596,10234,A1,S,FAR,R3
SFAR-R3-16,A,85596,8971,A1,S,FAR,R3
SFAR-R3-17,A,84566,13904,A1,S,FAR,R3
SFAR-R3-18,A,85596,9423,A1,S,FAR,R3
SFAR-R3-2,A,85596,7935,A1,S,FAR,R3
SFAR-R3-20,A,85596,10254,A1,S,FAR,R3
SFAR-R3-21,A,85596,18227,A1,S,FAR,R3
SFAR-R3-3,A,85596,12289,A1,S,FAR,R3
SFAR-R3-5,A,85596,17059,A1,S,FAR,R3
SFAR-R3-6,A,85596,5460,A1,S,FAR,R3
SFAR-R3-8,A,85596,25197,A1,S,FAR,R3
SFAR-R3-9,A,85596,13236,A1,S,FAR,R3
SFAR-R4-1,A,85596,11771,A1,S,FAR,R4
SFAR-R4-10,A,85596,11111,A1,S,FAR,R4
SFAR-R4-11,A,85596,18445,A1,S,FAR,R4
SFAR-R4-14,A,84566,15792,A1,S,FAR,R4
SFAR-R4-15,A,84552,239,A1,S,FAR,R4
SFAR-R4-16,A,85596,9681,A1,S,FAR,R4
SFAR-R4-17,A,85596,9900,A1,S,FAR,R4
SFAR-R4-18,A,85596,12447,A1,S,FAR,R4
SFAR-R4-19,A,84569,11880,A1,S,FAR,R4
SFAR-R4-2,A,85596,10376,A1,S,FAR,R4
SFAR-R4-20,A,85591,17260,A1,S,FAR,R4
SFAR-R4-21,A,85596,15284,A1,S,FAR,R4
SFAR-R4-22,A,85591,17879,A1,S,FAR,R4
SFAR-R4-23,A,85596,19146,A1,S,FAR,R4
SFAR-R4-24,A,84569,12154,A1,S,FAR,R4
SFAR-R4-25,A,84566,18700,A1,S,FAR,R4
SFAR-R4-26,A,85596,14037,A1,S,FAR,R4
SFAR-R4-28,A,85596,17619,A1,S,FAR,R4
SFAR-R4-3,A,85591,17249,A1,S,FAR,R4
SFAR-R4-30,A,85591,28765,A1,S,FAR,R4
SFAR-R4-4,A,84566,14223,A1,S,FAR,R4
SFAR-R4-5,A,84566,8124,A1,S,FAR,R4
SFAR-R4-6,A,84566,10458,A1,S,FAR,R4
SFAR-R4-7,A,85596,12263,A1,S,FAR,R4
SFAR-R4-8,A,85596,18174,A1,S,FAR,R4
SFAR-R4-9,A,85591,12616,A1,S,FAR,R4
SKAU-R1-16,A,84606,17048,A1,S,KAU,R1
SKAU-R1-21,A,85624,14059,A1,S,KAU,R1
SKAU-R1-23,A,84569,13458,A1,S,KAU,R1
SKAU-R1-27,A,85591,12627,A1,S,KAU,R1
SKAU-R1-28,A,85591,16567,A1,S,KAU,R1
SKAU-R1-4,A,84555,18957,A1,S,KAU,R1
SKAU-R1-6,A,85591,17263,A1,S,KAU,R1
SKAU-R1-8,A,85591,14252,A1,S,KAU,R1
SKAU-R2-1,A,85601,7497,A1,S,KAU,R2
SKAU-R2-10,A,85615,7322,A1,S,KAU,R2
SKAU-R2-16,A,84604,12486,A1/A1cz,S,KAU,R2
SKAU-R2-19,A,84604,26839,A1/A1cz,S,KAU,R2
SKAU-R2-2,A,85591,20306,A1,S,KAU,R2
SKAU-R2-22,A,85591,16315,A1,S,KAU,R2
SKAU-R2-23,A,85591,18261,A1,S,KAU,R2
SKAU-R2-25,A,84591,22825,A1,S,KAU,R2
SKAU-R2-26,A,85591,14046,A1,S,KAU,R2
SKAU-R2-28,A,85589,19313,A1,S,KAU,R2
SKAU-R2-3,A,84604,11973,A1/A1cz,S,KAU,R2
SKAU-R2-31,A,85591,21759,A1,S,KAU,R2
SKAU-R2-32,A,84569,15476,A1,S,KAU,R2
SKAU-R2-33,A,84604,9496,A1/A1cz,S,KAU,R2
SKAU-R2-4,A,85591,15417,A1,S,KAU,R2
SKAU-R2-5,A,85591,18839,A1,S,KAU,R2
SKAU-R2-7,A,84604,3524,A1/A1cz,S,KAU,R2
SKAU-R2-8,A,84604,9323,A1/A1cz,S,KAU,R2
SKAU-R3-32,A,85591,16148,A1,S,KAU,R3
SKAU-R3-33,A,84606,10775,A1,S,KAU,R3
SKAU-R3-35,A,85589,12624,A1,S,KAU,R3
SKAU-R3-36,A,85591,13454,A1,S,KAU,R3
SKAU-R3-37,A,84605,16571,A1,S,KAU,R3
SKAU-R3-39,A,84606,17264,A1,S,KAU,R3
SKAU-R3-40,A,85591,17506,A1,S,KAU,R3
SKAU-R3-41,A,85591,15850,A1,S,KAU,R3
SKAU-R3-43,A,84605,13896,A1,S,KAU,R3
SKAU-R3-44,A,84606,17030,A1,S,KAU,R3
SKAU-R3-47,A,84606,11225,A1,S,KAU,R3
SKAU-R3-48,A,84606,16483,A1,S,KAU,R3
SKAU-R3-50,A,85591,14647,A1,S,KAU,R3
SKAU-R3-51,A,85591,12847,A1,S,KAU,R3
SKAU-R3-52,A,84606,19587,A1,S,KAU,R3
SKAU-R3-54,A,85589,12615,A1,S,KAU,R3
SKAU-R3-55,A,84606,19955,A1,S,KAU,R3
SKAU-R3-56,A,84605,20386,A1,S,KAU,R3
SKAU-R3-58,A,84606,27684,A1,S,KAU,R3
SKAU-R3-59,A,84605,24044,A1,S,KAU,R3
SMAQ-R1-1,A,85599,5303,A1,S,MAQ,R1
SMAQ-R1-10,A,85600,4085,A1,S,MAQ,R1
SMAQ-R1-11,A,85600,3307,A1,S,MAQ,R1
SMAQ-R1-12,A,85600,8827,A1,S,MAQ,R1
SMAQ-R1-14,A,85615,7854,A1,S,MAQ,R1
SMAQ-R1-15,A,85615,10347,A1,S,MAQ,R1
SMAQ-R1-19,C,85463,9321,C21,S,MAQ,R1
SMAQ-R1-2,A,85600,2157,A1,S,MAQ,R1
SMAQ-R1-23,A,84599,10214,A1,S,MAQ,R1
SMAQ-R1-24,C,85463,6904,C21,S,MAQ,R1
SMAQ-R1-25,A,85600,3978,A1,S,MAQ,R1
SMAQ-R1-28,C,85463,10116,C21,S,MAQ,R1
SMAQ-R1-29,C,84879,5080,C21,S,MAQ,R1
SMAQ-R1-3,A,85615,12344,A1,S,MAQ,R1
SMAQ-R1-4,A,85600,8246,A1,S,MAQ,R1
SMAQ-R1-5,A,85600,6948,A1,S,MAQ,R1
SMAQ-R1-6,C,85463,9094,C21,S,MAQ,R1
SMAQ-R1-7,A,85599,9027,A1,S,MAQ,R1
SMAQ-R1-8,A,85600,2219,A1,S,MAQ,R1
SMAQ-R2-10,C,85463,22599,C21,S,MAQ,R2
SMAQ-R2-11,A,84609,9984,A1,S,MAQ,R2
SMAQ-R2-13,C,85463,3358,C21,S,MAQ,R2
SMAQ-R2-14,A,84609,12316,A1,S,MAQ,R2
SMAQ-R2-16,A,84609,8387,A1,S,MAQ,R2
SMAQ-R2-17,A,84609,11451,A1,S,MAQ,R2
SMAQ-R2-18,A,85615,12801,A1,S,MAQ,R2
SMAQ-R2-20,A,85615,20827,A1,S,MAQ,R2
SMAQ-R2-22,C,85463,8430,C21,S,MAQ,R2
SMAQ-R2-27,A,85625,5194,A1,S,MAQ,R2
SMAQ-R2-28,A,84603,14260,A1,S,MAQ,R2
SMAQ-R2-29,A,85615,21861,A1,S,MAQ,R2
SMAQ-R2-3,C,85463,3147,C21,S,MAQ,R2
SMAQ-R2-30,A,85615,9784,A1,S,MAQ,R2
SMAQ-R2-31,A,84552,7759,A1,S,MAQ,R2
SMAQ-R2-33,A,85615,18420,A1,S,MAQ,R2
SMAQ-R2-37,C,85463,5045,C21,S,MAQ,R2
SMAQ-R2-40,C,84932,7787,C163b,S,MAQ,R2
SMAQ-R2-6,C,85463,15269,C21,S,MAQ,R2
SMAQ-R2-7,C,85463,7205,C21,S,MAQ,R2
SMAQ-R2-8,A,85615,18159,A1,S,MAQ,R2
SMAQ-R2-9,A,85615,11722,A1,S,MAQ,R2
SWAJ-R1-23,A,85623,11558,A1,S,WAJ,R1
SWAJ-R1-25,A,85623,8939,A1,S,WAJ,R1
SWAJ-R1-26,A,84603,7732,A1,S,WAJ,R1
SWAJ-R1-27,A,85623,10941,A1,S,WAJ,R1
SWAJ-R1-30,A,85623,13550,A1,S,WAJ,R1
SWAJ-R1-33,A,85623,7748,A1,S,WAJ,R1
SWAJ-R1-34,A,85623,7082,A1,S,WAJ,R1
SWAJ-R1-38,A,84603,5981,A1,S,WAJ,R1
SWAJ-R1-42,A,85623,10125,A1,S,WAJ,R1
SWAJ-R1-45,A,84603,17851,A1,S,WAJ,R1
SWAJ-R3-1,A,85599,13965,A1,S,WAJ,R3
SWAJ-R3-10,A,85599,6943,A1,S,WAJ,R3
SWAJ-R3-11,A,85599,10695,A1,S,WAJ,R3
SWAJ-R3-12,A,85615,25798,A1,S,WAJ,R3
SWAJ-R3-13,A,85599,11882,A1,S,WAJ,R3
SWAJ-R3-14,A,85599,24060,A1,S,WAJ,R3
SWAJ-R3-15,A,85599,19657,A1,S,WAJ,R3
SWAJ-R3-16,A,85599,21004,A1,S,WAJ,R3
SWAJ-R3-17,A,85599,15338,A1,S,WAJ,R3
SWAJ-R3-18,C,84927,13526,C21,S,WAJ,R3
SWAJ-R3-19,C,84927,4955,C21,S,WAJ,R3
SWAJ-R3-2,A,84552,13712,A1,S,WAJ,R3
SWAJ-R3-21,A,85599,20894,A1,S,WAJ,R3
SWAJ-R3-22,C,84927,5385,C21,S,WAJ,R3
SWAJ-R3-23,A,85599,17806,A1,S,WAJ,R3
SWAJ-R3-24,A,85615,26757,A1,S,WAJ,R3
SWAJ-R3-3,A,85599,28356,A1,S,WAJ,R3
SWAJ-R3-4,A,85599,17018,A1,S,WAJ,R3
SWAJ-R3-5,A,84591,11720,A1,S,WAJ,R3
SWAJ-R3-6,A,85615,26433,A1,S,WAJ,R3
SWAJ-R3-7,A,85615,6635,A1,S,WAJ,R3
SWAJ-R3-8,A,84552,19746,A1,S,WAJ,R3
SWAJ-R3-9,A,84591,27355,A1,S,WAJ,R3
SWAJ-R4-1,A,85615,25654,A1,S,WAJ,R4
SWAJ-R4-10,A,84591,7587,A1,S,WAJ,R4
SWAJ-R4-11,A,84603,18280,A1,S,WAJ,R4
SWAJ-R4-13,A,84603,14532,A1,S,WAJ,R4
SWAJ-R4-14,A,84552,24872,A1,S,WAJ,R4
SWAJ-R4-15,A,84603,16027,A1,S,WAJ,R4
SWAJ-R4-17,A,84603,11859,A1,S,WAJ,R4
SWAJ-R4-18,A,84603,14724,A1,S,WAJ,R4
SWAJ-R4-19,A,84603,23647,A1,S,WAJ,R4
SWAJ-R4-2,A,85615,8056,A1,S,WAJ,R4
SWAJ-R4-20,A,84603,14891,A1,S,WAJ,R4
SWAJ-R4-21,A,84603,23577,A1,S,WAJ,R4
SWAJ-R4-23,A,84552,30877,A1,S,WAJ,R4
SWAJ-R4-24,A,84552,13666,A1,S,WAJ,R4
SWAJ-R4-25,A,84603,20169,A1,S,WAJ,R4
SWAJ-R4-26,A,85623,22532,A1,S,WAJ,R4
SWAJ-R4-27,A,84603,14086,A1,S,WAJ,R4
SWAJ-R4-3,A,84603,17329,A1,S,WAJ,R4
SWAJ-R4-30,C,84927,8809,C21,S,WAJ,R4
SWAJ-R4-4,A,84603,17126,A1,S,WAJ,R4
SWAJ-R4-5,A,84603,28829,A1,S,WAJ,R4
SWAJ-R4-6,A,84603,20078,A1,S,WAJ,R4
SWAJ-R4-7,A,84603,29401,A1,S,WAJ,R4
SWAJ-R4-8,A,84591,29360,A1,S,WAJ,R4
SWAJ-R4-9,A,84603,11973,A1,S,WAJ,R4
SYAN-R1-1,C,85464,8435,C72,S,YAN,R1
SYAN-R1-10,C,85464,6420,C72,S,YAN,R1
SYAN-R1-11,C,85464,7256,C72,S,YAN,R1
SYAN-R1-12,C,85464,7443,C72,S,YAN,R1
SYAN-R1-13,C,84880,10126,C72,S,YAN,R1
SYAN-R1-14,C,85464,5081,C72,S,YAN,R1
SYAN-R1-15,C,85464,6728,C72,S,YAN,R1
SYAN-R1-16,C,84880,7341,C72,S,YAN,R1
SYAN-R1-18,A,84604,6147,A1/A1cz,S,YAN,R1
SYAN-R1-19,C,84926,10428,C72,S,YAN,R1
SYAN-R1-2,C,85464,2316,C72,S,YAN,R1
SYAN-R1-20,C,84926,11078,C72,S,YAN,R1
SYAN-R1-29,C,84927,369,C21,S,YAN,R1
SYAN-R1-3,C,85464,6145,C72,S,YAN,R1
SYAN-R1-30,C,85464,10802,C72,S,YAN,R1
SYAN-R1-5,C,85464,12289,C72,S,YAN,R1
SYAN-R1-6,C,85464,8958,C72,S,YAN,R1
SYAN-R1-7,C,85464,11812,C72,S,YAN,R1
SYAN-R1-9,C,85464,6616,C72,S,YAN,R1
SYAN-R3-1,A,84613,20796,A1,S,YAN,R3
SYAN-R3-10,A,84613,15050,A1,S,YAN,R3
SYAN-R3-11,A,84552,15664,A1,S,YAN,R3
SYAN-R3-12,A,85615,19845,A1,S,YAN,R3
SYAN-R3-13,A,85615,10926,A1,S,YAN,R3
SYAN-R3-14,A,85623,19914,A1,S,YAN,R3
SYAN-R3-15,A,84613,13918,A1,S,YAN,R3
SYAN-R3-16,A,85615,17385,A1,S,YAN,R3
SYAN-R3-17,A,84607,7450,A1,S,YAN,R3
SYAN-R3-18,A,84552,17343,A1,S,YAN,R3
SYAN-R3-19,C,84881,10287,C116,S,YAN,R3
SYAN-R3-2,A,85611,9598,A1,S,YAN,R3
SYAN-R3-20,A,84613,6939,A1,S,YAN,R3
SYAN-R3-21,A,84613,13455,A1,S,YAN,R3
SYAN-R3-22,A,84566,16515,A1,S,YAN,R3
SYAN-R3-23,A,84613,14521,A1,S,YAN,R3
SYAN-R3-24,A,85623,12223,A1,S,YAN,R3
SYAN-R3-25,A,84604,8993,A1/A1cz,S,YAN,R3
SYAN-R3-26,A,84566,16906,A1,S,YAN,R3
SYAN-R3-3,A,85611,18612,A1,S,YAN,R3
SYAN-R3-4,A,85611,12000,A1,S,YAN,R3
SYAN-R3-6,A,85623,23005,A1,S,YAN,R3
SYAN-R3-7,A,85611,24216,A1,S,YAN,R3
SYAN-R3-8,A,85615,13868,A1,S,YAN,R3
SYAN-R3-9,A,85615,12329,A1,S,YAN,R3
SYAN-R4-1,C,85464,11104,C72,S,YAN,R4
SYAN-R4-10,A,84607,31597,A1,S,YAN,R4
SYAN-R4-11,C,85464,7949,C72,S,YAN,R4
SYAN-R4-12,A,84604,15129,A1/A1cz,S,YAN,R4
SYAN-R4-13,A,84604,15051,A1/A1cz,S,YAN,R4
SYAN-R4-14,A,84604,13872,A1/A1cz,S,YAN,R4
SYAN-R4-15,A,84604,12545,A1/A1cz,S,YAN,R4
SYAN-R4-16,A,84604,15778,A1/A1cz,S,YAN,R4
SYAN-R4-17,A,84604,20987,A1/A1cz,S,YAN,R4
SYAN-R4-18,A,84607,40624,A1,S,YAN,R4
SYAN-R4-19,A,84604,15445,A1/A1cz,S,YAN,R4
SYAN-R4-2,A,84607,23933,A1,S,YAN,R4
SYAN-R4-20,A,84604,16085,A1/A1cz,S,YAN,R4
SYAN-R4-21,A,84607,18829,A1,S,YAN,R4
SYAN-R4-22,A,84604,5268,A1/A1cz,S,YAN,R4
SYAN-R4-23,A,84607,21964,A1,S,YAN,R4
SYAN-R4-24,A,84604,8031,A1/A1cz,S,YAN,R4
SYAN-R4-25,A,84566,27091,A1,S,YAN,R4
SYAN-R4-3,A,84607,26782,A1,S,YAN,R4
SYAN-R4-4,A,84566,20451,A1,S,YAN,R4
SYAN-R4-5,A,84607,31745,A1,S,YAN,R4
SYAN-R4-6,A,84607,11131,A1,S,YAN,R4
SYAN-R4-7,C,85464,9359,C72,S,YAN,R4
SYAN-R4-8,A,84604,17708,A1/A1cz,S,YAN,R4
SYAN-R4-9,A,84604,13161,A1/A1cz,S,YAN,R4
