"","Sample","Species","Region","Reef","Lat","Lon","Collection.date"
"1","PMAQ-R1-3","Pocillopora verrucosa","MAQ","R1",28.52616667,34.80397222,"Sep-11"
"2","PMAQ-R1-4","Pocillopora verrucosa","MAQ","R1",28.52616667,34.80397222,"Sep-11"
"3","PMAQ-R1-6","Pocillopora verrucosa","MAQ","R1",28.52616667,34.80397222,"Sep-11"
"4","PMAQ-R1-10","Pocillopora verrucosa","MAQ","R1",28.52616667,34.80397222,"Sep-11"
"5","PMAQ-R1-12","Pocillopora verrucosa","MAQ","R1",28.52616667,34.80397222,"Sep-11"
"6","PMAQ-R1-15","Pocillopora verrucosa","MAQ","R1",28.52616667,34.80397222,"Sep-11"
"7","PMAQ-R1-16","Pocillopora verrucosa","MAQ","R1",28.52616667,34.80397222,"Sep-11"
"8","PMAQ-R1-17","Pocillopora verrucosa","MAQ","R1",28.52616667,34.80397222,"Sep-11"
"9","PMAQ-R1-20","Pocillopora verrucosa","MAQ","R1",28.52616667,34.80397222,"Sep-11"
"10","PMAQ-R1-26","Pocillopora verrucosa","MAQ","R1",28.52616667,34.80397222,"Sep-11"
"11","PMAQ-R1-27","Pocillopora verrucosa","MAQ","R1",28.52616667,34.80397222,"Sep-11"
"12","PMAQ-R1-30","Pocillopora verrucosa","MAQ","R1",28.52616667,34.80397222,"Sep-11"
"13","PMAQ-R2-2","Pocillopora verrucosa","MAQ","R2",28.4268,34.75171389,"Mar-12"
"14","PMAQ-R2-3","Pocillopora verrucosa","MAQ","R2",28.4268,34.75171389,"Mar-12"
"15","PMAQ-R2-4","Pocillopora verrucosa","MAQ","R2",28.4268,34.75171389,"Mar-12"
"16","PMAQ-R2-5","Pocillopora verrucosa","MAQ","R2",28.4268,34.75171389,"Mar-12"
"17","PMAQ-R2-6","Pocillopora verrucosa","MAQ","R2",28.4268,34.75171389,"Mar-12"
"18","PMAQ-R2-7","Pocillopora verrucosa","MAQ","R2",28.4268,34.75171389,"Mar-12"
"19","PMAQ-R2-10","Pocillopora verrucosa","MAQ","R2",28.4268,34.75171389,"Mar-12"
"20","PMAQ-R2-12","Pocillopora verrucosa","MAQ","R2",28.4268,34.75171389,"Mar-12"
"21","PMAQ-R2-13","Pocillopora verrucosa","MAQ","R2",28.4268,34.75171389,"Mar-12"
"22","PMAQ-R2-14","Pocillopora verrucosa","MAQ","R2",28.4268,34.75171389,"Mar-12"
"23","PMAQ-R2-15","Pocillopora verrucosa","MAQ","R2",28.4268,34.75171389,"Mar-12"
"24","PMAQ-R2-16","Pocillopora verrucosa","MAQ","R2",28.4268,34.75171389,"Mar-12"
"25","PMAQ-R2-18","Pocillopora verrucosa","MAQ","R2",28.4268,34.75171389,"Mar-12"
"26","PMAQ-R2-19","Pocillopora verrucosa","MAQ","R2",28.4268,34.75171389,"Mar-12"
"27","PMAQ-R2-21","Pocillopora verrucosa","MAQ","R2",28.4268,34.75171389,"Mar-12"
"28","PMAQ-R2-22","Pocillopora verrucosa","MAQ","R2",28.4268,34.75171389,"Mar-12"
"29","PMAQ-R2-25","Pocillopora verrucosa","MAQ","R2",28.4268,34.75171389,"Mar-12"
"30","PMAQ-R2-27","Pocillopora verrucosa","MAQ","R2",28.4268,34.75171389,"Mar-12"
"31","PMAQ-R2-28","Pocillopora verrucosa","MAQ","R2",28.4268,34.75171389,"Mar-12"
"32","PMAQ-R2-29","Pocillopora verrucosa","MAQ","R2",28.4268,34.75171389,"Mar-12"
"33","PMAQ-R2-32","Pocillopora verrucosa","MAQ","R2",28.4268,34.75171389,"Mar-12"
"34","PMAQ-R2-35","Pocillopora verrucosa","MAQ","R2",28.4268,34.75171389,"Mar-12"
"35","PMAQ-R2-38","Pocillopora verrucosa","MAQ","R2",28.4268,34.75171389,"Mar-12"
"36","PWAJ-R1-1","Pocillopora verrucosa","WAJ","R1",26.18751389,36.3492,"Sep-11"
"37","PWAJ-R1-3","Pocillopora verrucosa","WAJ","R1",26.18751389,36.3492,"Sep-11"
"38","PWAJ-R1-4","Pocillopora verrucosa","WAJ","R1",26.18751389,36.3492,"Sep-11"
"39","PWAJ-R1-6","Pocillopora verrucosa","WAJ","R1",26.18751389,36.3492,"Sep-11"
"40","PWAJ-R1-7","Pocillopora verrucosa","WAJ","R1",26.18751389,36.3492,"Sep-11"
"41","PWAJ-R1-8","Pocillopora verrucosa","WAJ","R1",26.18751389,36.3492,"Sep-11"
"42","PWAJ-R1-10","Pocillopora verrucosa","WAJ","R1",26.18751389,36.3492,"Sep-11"
"43","PWAJ-R1-14","Pocillopora verrucosa","WAJ","R1",26.18751389,36.3492,"Sep-11"
"44","PWAJ-R1-16","Pocillopora verrucosa","WAJ","R1",26.18751389,36.3492,"Sep-11"
"45","PWAJ-R1-17","Pocillopora verrucosa","WAJ","R1",26.18751389,36.3492,"Sep-11"
"46","PWAJ-R1-19","Pocillopora verrucosa","WAJ","R1",26.18751389,36.3492,"Sep-11"
"47","PWAJ-R1-20","Pocillopora verrucosa","WAJ","R1",26.18751389,36.3492,"Sep-11"
"48","PWAJ-R1-22","Pocillopora verrucosa","WAJ","R1",26.18751389,36.3492,"Sep-11"
"49","PWAJ-R1-24","Pocillopora verrucosa","WAJ","R1",26.18751389,36.3492,"Sep-11"
"50","PWAJ-R1-26","Pocillopora verrucosa","WAJ","R1",26.18751389,36.3492,"Sep-11"
"51","PWAJ-R1-27","Pocillopora verrucosa","WAJ","R1",26.18751389,36.3492,"Sep-11"
"52","PWAJ-R1-28","Pocillopora verrucosa","WAJ","R1",26.18751389,36.3492,"Sep-11"
"53","PWAJ-R1-29","Pocillopora verrucosa","WAJ","R1",26.18751389,36.3492,"Sep-11"
"54","PWAJ-R1-30","Pocillopora verrucosa","WAJ","R1",26.18751389,36.3492,"Sep-11"
"55","PWAJ-R1-31","Pocillopora verrucosa","WAJ","R1",26.18751389,36.3492,"Sep-11"
"56","PWAJ-R1-33","Pocillopora verrucosa","WAJ","R1",26.18751389,36.3492,"Sep-11"
"57","PWAJ-R1-35","Pocillopora verrucosa","WAJ","R1",26.18751389,36.3492,"Sep-11"
"58","PWAJ-R1-37","Pocillopora verrucosa","WAJ","R1",26.18751389,36.3492,"Sep-11"
"59","PWAJ-R1-38","Pocillopora verrucosa","WAJ","R1",26.18751389,36.3492,"Sep-11"
"60","PWAJ-R1-39","Pocillopora verrucosa","WAJ","R1",26.18751389,36.3492,"Sep-11"
"61","PWAJ-R2-1","Pocillopora verrucosa","WAJ","R2",26.1666111,36.3922778,"Sep-11"
"62","PWAJ-R2-2","Pocillopora verrucosa","WAJ","R2",26.1666111,36.3922778,"Sep-11"
"63","PWAJ-R2-3","Pocillopora verrucosa","WAJ","R2",26.1666111,36.3922778,"Sep-11"
"64","PWAJ-R2-4","Pocillopora verrucosa","WAJ","R2",26.1666111,36.3922778,"Sep-11"
"65","PWAJ-R2-5","Pocillopora verrucosa","WAJ","R2",26.1666111,36.3922778,"Sep-11"
"66","PWAJ-R2-7","Pocillopora verrucosa","WAJ","R2",26.1666111,36.3922778,"Sep-11"
"67","PWAJ-R2-8","Pocillopora verrucosa","WAJ","R2",26.1666111,36.3922778,"Sep-11"
"68","PWAJ-R2-9","Pocillopora verrucosa","WAJ","R2",26.1666111,36.3922778,"Sep-11"
"69","PWAJ-R2-10","Pocillopora verrucosa","WAJ","R2",26.1666111,36.3922778,"Sep-11"
"70","PWAJ-R2-11","Pocillopora verrucosa","WAJ","R2",26.1666111,36.3922778,"Sep-11"
"71","PWAJ-R2-12","Pocillopora verrucosa","WAJ","R2",26.1666111,36.3922778,"Sep-11"
"72","PWAJ-R2-13","Pocillopora verrucosa","WAJ","R2",26.1666111,36.3922778,"Sep-11"
"73","PWAJ-R2-14","Pocillopora verrucosa","WAJ","R2",26.1666111,36.3922778,"Sep-11"
"74","PWAJ-R2-15","Pocillopora verrucosa","WAJ","R2",26.1666111,36.3922778,"Sep-11"
"75","PWAJ-R2-16","Pocillopora verrucosa","WAJ","R2",26.1666111,36.3922778,"Sep-11"
"76","PWAJ-R2-17","Pocillopora verrucosa","WAJ","R2",26.1666111,36.3922778,"Sep-11"
"77","PWAJ-R2-18","Pocillopora verrucosa","WAJ","R2",26.1666111,36.3922778,"Sep-11"
"78","PWAJ-R2-19","Pocillopora verrucosa","WAJ","R2",26.1666111,36.3922778,"Sep-11"
"79","PWAJ-R2-24","Pocillopora verrucosa","WAJ","R2",26.1666111,36.3922778,"Sep-11"
"80","PWAJ-R2-25","Pocillopora verrucosa","WAJ","R2",26.1666111,36.3922778,"Sep-11"
"81","PWAJ-R2-26","Pocillopora verrucosa","WAJ","R2",26.1666111,36.3922778,"Sep-11"
"82","PWAJ-R2-27","Pocillopora verrucosa","WAJ","R2",26.1666111,36.3922778,"Sep-11"
"83","PWAJ-R2-28","Pocillopora verrucosa","WAJ","R2",26.1666111,36.3922778,"Sep-11"
"84","PWAJ-R2-29","Pocillopora verrucosa","WAJ","R2",26.1666111,36.3922778,"Sep-11"
"85","PWAJ-R2-30","Pocillopora verrucosa","WAJ","R2",26.1666111,36.3922778,"Sep-11"
"86","PWAJ-R3-1","Pocillopora verrucosa","WAJ","R3",26.24119444,36.44036111,"Mar-12"
"87","PWAJ-R3-2","Pocillopora verrucosa","WAJ","R3",26.24119444,36.44036111,"Mar-12"
"88","PWAJ-R3-3","Pocillopora verrucosa","WAJ","R3",26.24119444,36.44036111,"Mar-12"
"89","PWAJ-R3-4","Pocillopora verrucosa","WAJ","R3",26.24119444,36.44036111,"Mar-12"
"90","PWAJ-R3-6","Pocillopora verrucosa","WAJ","R3",26.24119444,36.44036111,"Mar-12"
"91","PWAJ-R3-8","Pocillopora verrucosa","WAJ","R3",26.24119444,36.44036111,"Mar-12"
"92","PWAJ-R3-9","Pocillopora verrucosa","WAJ","R3",26.24119444,36.44036111,"Mar-12"
"93","PWAJ-R3-10","Pocillopora verrucosa","WAJ","R3",26.24119444,36.44036111,"Mar-12"
"94","PWAJ-R3-11","Pocillopora verrucosa","WAJ","R3",26.24119444,36.44036111,"Mar-12"
"95","PWAJ-R3-13","Pocillopora verrucosa","WAJ","R3",26.24119444,36.44036111,"Mar-12"
"96","PWAJ-R3-17","Pocillopora verrucosa","WAJ","R3",26.24119444,36.44036111,"Mar-12"
"97","PWAJ-R3-18","Pocillopora verrucosa","WAJ","R3",26.24119444,36.44036111,"Mar-12"
"98","PWAJ-R3-21","Pocillopora verrucosa","WAJ","R3",26.24119444,36.44036111,"Mar-12"
"99","PWAJ-R3-22","Pocillopora verrucosa","WAJ","R3",26.24119444,36.44036111,"Mar-12"
"100","PWAJ-R3-23","Pocillopora verrucosa","WAJ","R3",26.24119444,36.44036111,"Mar-12"
"101","PWAJ-R3-25","Pocillopora verrucosa","WAJ","R3",26.24119444,36.44036111,"Mar-12"
"102","PWAJ-R3-27","Pocillopora verrucosa","WAJ","R3",26.24119444,36.44036111,"Mar-12"
"103","PWAJ-R3-28","Pocillopora verrucosa","WAJ","R3",26.24119444,36.44036111,"Mar-12"
"104","PWAJ-R3-29","Pocillopora verrucosa","WAJ","R3",26.24119444,36.44036111,"Mar-12"
"105","PWAJ-R3-30","Pocillopora verrucosa","WAJ","R3",26.24119444,36.44036111,"Mar-12"
"106","PYAN-R1-1","Pocillopora verrucosa","YAN","R1",23.9474167,38.1755,"Sep-11"
"107","PYAN-R1-2","Pocillopora verrucosa","YAN","R1",23.9474167,38.1755,"Sep-11"
"108","PYAN-R1-3","Pocillopora verrucosa","YAN","R1",23.9474167,38.1755,"Sep-11"
"109","PYAN-R1-6","Pocillopora verrucosa","YAN","R1",23.9474167,38.1755,"Sep-11"
"110","PYAN-R1-7","Pocillopora verrucosa","YAN","R1",23.9474167,38.1755,"Sep-11"
"111","PYAN-R1-8","Pocillopora verrucosa","YAN","R1",23.9474167,38.1755,"Sep-11"
"112","PYAN-R1-9","Pocillopora verrucosa","YAN","R1",23.9474167,38.1755,"Sep-11"
"113","PYAN-R1-10","Pocillopora verrucosa","YAN","R1",23.9474167,38.1755,"Sep-11"
"114","PYAN-R1-12","Pocillopora verrucosa","YAN","R1",23.9474167,38.1755,"Sep-11"
"115","PYAN-R1-14","Pocillopora verrucosa","YAN","R1",23.9474167,38.1755,"Sep-11"
"116","PYAN-R1-18","Pocillopora verrucosa","YAN","R1",23.9474167,38.1755,"Sep-11"
"117","PYAN-R1-19","Pocillopora verrucosa","YAN","R1",23.9474167,38.1755,"Sep-11"
"118","PYAN-R1-22","Pocillopora verrucosa","YAN","R1",23.9474167,38.1755,"Sep-11"
"119","PYAN-R1-23","Pocillopora verrucosa","YAN","R1",23.9474167,38.1755,"Sep-11"
"120","PYAN-R1-25","Pocillopora verrucosa","YAN","R1",23.9474167,38.1755,"Sep-11"
"121","PYAN-R1-27","Pocillopora verrucosa","YAN","R1",23.9474167,38.1755,"Sep-11"
"122","PYAN-R1-30","Pocillopora verrucosa","YAN","R1",23.9474167,38.1755,"Sep-11"
"123","PYAN-R3-1","Pocillopora verrucosa","YAN","R3",23.95533333,38.20444444,"Mar-12"
"124","PYAN-R3-2","Pocillopora verrucosa","YAN","R3",23.95533333,38.20444444,"Mar-12"
"125","PYAN-R3-5","Pocillopora verrucosa","YAN","R3",23.95533333,38.20444444,"Mar-12"
"126","PYAN-R3-6","Pocillopora verrucosa","YAN","R3",23.95533333,38.20444444,"Mar-12"
"127","PYAN-R3-7","Pocillopora verrucosa","YAN","R3",23.95533333,38.20444444,"Mar-12"
"128","PYAN-R3-9","Pocillopora verrucosa","YAN","R3",23.95533333,38.20444444,"Mar-12"
"129","PYAN-R3-10","Pocillopora verrucosa","YAN","R3",23.95533333,38.20444444,"Mar-12"
"130","PYAN-R3-11","Pocillopora verrucosa","YAN","R3",23.95533333,38.20444444,"Mar-12"
"131","PYAN-R3-13","Pocillopora verrucosa","YAN","R3",23.95533333,38.20444444,"Mar-12"
"132","PYAN-R3-15","Pocillopora verrucosa","YAN","R3",23.95533333,38.20444444,"Mar-12"
"133","PYAN-R3-17","Pocillopora verrucosa","YAN","R3",23.95533333,38.20444444,"Mar-12"
"134","PYAN-R3-19","Pocillopora verrucosa","YAN","R3",23.95533333,38.20444444,"Mar-12"
"135","PYAN-R3-21","Pocillopora verrucosa","YAN","R3",23.95533333,38.20444444,"Mar-12"
"136","PYAN-R3-23","Pocillopora verrucosa","YAN","R3",23.95533333,38.20444444,"Mar-12"
"137","PYAN-R3-27","Pocillopora verrucosa","YAN","R3",23.95533333,38.20444444,"Mar-12"
"138","PYAN-R3-29","Pocillopora verrucosa","YAN","R3",23.95533333,38.20444444,"Mar-12"
"139","PYAN-R3-30","Pocillopora verrucosa","YAN","R3",23.95533333,38.20444444,"Mar-12"
"140","PKAU-R1-1","Pocillopora verrucosa","KAU","R1",22.31916667,38.85444444,"Mar-12"
"141","PKAU-R1-2","Pocillopora verrucosa","KAU","R1",22.31916667,38.85444444,"Mar-12"
"142","PKAU-R1-4","Pocillopora verrucosa","KAU","R1",22.31916667,38.85444444,"Mar-12"
"143","PKAU-R1-7","Pocillopora verrucosa","KAU","R1",22.31916667,38.85444444,"Mar-12"
"144","PKAU-R1-8","Pocillopora verrucosa","KAU","R1",22.31916667,38.85444444,"Mar-12"
"145","PKAU-R1-10","Pocillopora verrucosa","KAU","R1",22.31916667,38.85444444,"Mar-12"
"146","PKAU-R1-11","Pocillopora verrucosa","KAU","R1",22.31916667,38.85444444,"Mar-12"
"147","PKAU-R1-40","Pocillopora verrucosa","KAU","R1",22.31916667,38.85444444,"Mar-12"
"148","PKAU-R1-14","Pocillopora verrucosa","KAU","R1",22.31916667,38.85444444,"Mar-12"
"149","PKAU-R1-16","Pocillopora verrucosa","KAU","R1",22.31916667,38.85444444,"Mar-12"
"150","PKAU-R1-17","Pocillopora verrucosa","KAU","R1",22.31916667,38.85444444,"Mar-12"
"151","PKAU-R1-19","Pocillopora verrucosa","KAU","R1",22.31916667,38.85444444,"Mar-12"
"152","PKAU-R1-20","Pocillopora verrucosa","KAU","R1",22.31916667,38.85444444,"Mar-12"
"153","PKAU-R1-22","Pocillopora verrucosa","KAU","R1",22.31916667,38.85444444,"Mar-12"
"154","PKAU-R1-23","Pocillopora verrucosa","KAU","R1",22.31916667,38.85444444,"Mar-12"
"155","PKAU-R1-25","Pocillopora verrucosa","KAU","R1",22.31916667,38.85444444,"Mar-12"
"156","PKAU-R1-26","Pocillopora verrucosa","KAU","R1",22.31916667,38.85444444,"Mar-12"
"157","PKAU-R1-28","Pocillopora verrucosa","KAU","R1",22.31916667,38.85444444,"Mar-12"
"158","PKAU-R1-29","Pocillopora verrucosa","KAU","R1",22.31916667,38.85444444,"Mar-12"
"159","PKAU-R1-31","Pocillopora verrucosa","KAU","R1",22.31916667,38.85444444,"Mar-12"
"160","PKAU-R1-32","Pocillopora verrucosa","KAU","R1",22.31916667,38.85444444,"Mar-12"
"161","PKAU-R1-34","Pocillopora verrucosa","KAU","R1",22.31916667,38.85444444,"Mar-12"
"162","PKAU-R1-35","Pocillopora verrucosa","KAU","R1",22.31916667,38.85444444,"Mar-12"
"163","PKAU-R1-37","Pocillopora verrucosa","KAU","R1",22.31916667,38.85444444,"Mar-12"
"164","PKAU-R1-38","Pocillopora verrucosa","KAU","R1",22.31916667,38.85444444,"Mar-12"
"165","PKAU-R2-2","Pocillopora verrucosa","KAU","R2",22.06722222,38.76916667,"Mar-12"
"166","PKAU-R2-3","Pocillopora verrucosa","KAU","R2",22.06722222,38.76916667,"Mar-12"
"167","PKAU-R2-5","Pocillopora verrucosa","KAU","R2",22.06722222,38.76916667,"Mar-12"
"168","PKAU-R2-6","Pocillopora verrucosa","KAU","R2",22.06722222,38.76916667,"Mar-12"
"169","PKAU-R2-7","Pocillopora verrucosa","KAU","R2",22.06722222,38.76916667,"Mar-12"
"170","PKAU-R2-9","Pocillopora verrucosa","KAU","R2",22.06722222,38.76916667,"Mar-12"
"171","PKAU-R2-10","Pocillopora verrucosa","KAU","R2",22.06722222,38.76916667,"Mar-12"
"172","PKAU-R2-11","Pocillopora verrucosa","KAU","R2",22.06722222,38.76916667,"Mar-12"
"173","PKAU-R2-13","Pocillopora verrucosa","KAU","R2",22.06722222,38.76916667,"Mar-12"
"174","PKAU-R2-14","Pocillopora verrucosa","KAU","R2",22.06722222,38.76916667,"Mar-12"
"175","PKAU-R2-15","Pocillopora verrucosa","KAU","R2",22.06722222,38.76916667,"Mar-12"
"176","PKAU-R2-17","Pocillopora verrucosa","KAU","R2",22.06722222,38.76916667,"Mar-12"
"177","PKAU-R2-18","Pocillopora verrucosa","KAU","R2",22.06722222,38.76916667,"Mar-12"
"178","PKAU-R2-19","Pocillopora verrucosa","KAU","R2",22.06722222,38.76916667,"Mar-12"
"179","PKAU-R2-21","Pocillopora verrucosa","KAU","R2",22.06722222,38.76916667,"Mar-12"
"180","PKAU-R2-22","Pocillopora verrucosa","KAU","R2",22.06722222,38.76916667,"Mar-12"
"181","PKAU-R2-23","Pocillopora verrucosa","KAU","R2",22.06722222,38.76916667,"Mar-12"
"182","PKAU-R2-25","Pocillopora verrucosa","KAU","R2",22.06722222,38.76916667,"Mar-12"
"183","PKAU-R2-26","Pocillopora verrucosa","KAU","R2",22.06722222,38.76916667,"Mar-12"
"184","PKAU-R2-27","Pocillopora verrucosa","KAU","R2",22.06722222,38.76916667,"Mar-12"
"185","PKAU-R2-29","Pocillopora verrucosa","KAU","R2",22.06722222,38.76916667,"Mar-12"
"186","PKAU-R2-30","Pocillopora verrucosa","KAU","R2",22.06722222,38.76916667,"Mar-12"
"187","PKAU-R2-31","Pocillopora verrucosa","KAU","R2",22.06722222,38.76916667,"Mar-12"
"188","PKAU-R3-1","Pocillopora verrucosa","KAU","R3",22.51333333,38.92138889,"Mar-12"
"189","PKAU-R3-2","Pocillopora verrucosa","KAU","R3",22.51333333,38.92138889,"Mar-12"
"190","PKAU-R3-3","Pocillopora verrucosa","KAU","R3",22.51333333,38.92138889,"Mar-12"
"191","PKAU-R3-4","Pocillopora verrucosa","KAU","R3",22.51333333,38.92138889,"Mar-12"
"192","PKAU-R3-5","Pocillopora verrucosa","KAU","R3",22.51333333,38.92138889,"Mar-12"
"193","PKAU-R3-6","Pocillopora verrucosa","KAU","R3",22.51333333,38.92138889,"Mar-12"
"194","PKAU-R3-7","Pocillopora verrucosa","KAU","R3",22.51333333,38.92138889,"Mar-12"
"195","PKAU-R3-9","Pocillopora verrucosa","KAU","R3",22.51333333,38.92138889,"Mar-12"
"196","PKAU-R3-10","Pocillopora verrucosa","KAU","R3",22.51333333,38.92138889,"Mar-12"
"197","PKAU-R3-11","Pocillopora verrucosa","KAU","R3",22.51333333,38.92138889,"Mar-12"
"198","PKAU-R3-12","Pocillopora verrucosa","KAU","R3",22.51333333,38.92138889,"Mar-12"
"199","PKAU-R3-13","Pocillopora verrucosa","KAU","R3",22.51333333,38.92138889,"Mar-12"
"200","PKAU-R3-14","Pocillopora verrucosa","KAU","R3",22.51333333,38.92138889,"Mar-12"
"201","PKAU-R3-15","Pocillopora verrucosa","KAU","R3",22.51333333,38.92138889,"Mar-12"
"202","PKAU-R3-17","Pocillopora verrucosa","KAU","R3",22.51333333,38.92138889,"Mar-12"
"203","PKAU-R3-18","Pocillopora verrucosa","KAU","R3",22.51333333,38.92138889,"Mar-12"
"204","PKAU-R3-19","Pocillopora verrucosa","KAU","R3",22.51333333,38.92138889,"Mar-12"
"205","PKAU-R3-20","Pocillopora verrucosa","KAU","R3",22.51333333,38.92138889,"Mar-12"
"206","PKAU-R3-21","Pocillopora verrucosa","KAU","R3",22.51333333,38.92138889,"Mar-12"
"207","PKAU-R3-22","Pocillopora verrucosa","KAU","R3",22.51333333,38.92138889,"Mar-12"
"208","PKAU-R3-23","Pocillopora verrucosa","KAU","R3",22.51333333,38.92138889,"Mar-12"
"209","PKAU-R3-25","Pocillopora verrucosa","KAU","R3",22.51333333,38.92138889,"Mar-12"
"210","PKAU-R3-26","Pocillopora verrucosa","KAU","R3",22.51333333,38.92138889,"Mar-12"
"211","PKAU-R3-27","Pocillopora verrucosa","KAU","R3",22.51333333,38.92138889,"Mar-12"
"212","PKAU-R3-28","Pocillopora verrucosa","KAU","R3",22.51333333,38.92138889,"Mar-12"
"213","PDOG-R1-1","Pocillopora verrucosa","DOG","R1",19.63511111,40.57536111,"Sep-11"
"214","PDOG-R1-2","Pocillopora verrucosa","DOG","R1",19.63511111,40.57536111,"Sep-11"
"215","PDOG-R1-5","Pocillopora verrucosa","DOG","R1",19.63511111,40.57536111,"Sep-11"
"216","PDOG-R1-6","Pocillopora verrucosa","DOG","R1",19.63511111,40.57536111,"Sep-11"
"217","PDOG-R1-7","Pocillopora verrucosa","DOG","R1",19.63511111,40.57536111,"Sep-11"
"218","PDOG-R1-8","Pocillopora verrucosa","DOG","R1",19.63511111,40.57536111,"Sep-11"
"219","PDOG-R1-9","Pocillopora verrucosa","DOG","R1",19.63511111,40.57536111,"Sep-11"
"220","PDOG-R1-12","Pocillopora verrucosa","DOG","R1",19.63511111,40.57536111,"Sep-11"
"221","PDOG-R1-13","Pocillopora verrucosa","DOG","R1",19.63511111,40.57536111,"Sep-11"
"222","PDOG-R1-14","Pocillopora verrucosa","DOG","R1",19.63511111,40.57536111,"Sep-11"
"223","PDOG-R1-16","Pocillopora verrucosa","DOG","R1",19.63511111,40.57536111,"Sep-11"
"224","PDOG-R1-18","Pocillopora verrucosa","DOG","R1",19.63511111,40.57536111,"Sep-11"
"225","PDOG-R1-19","Pocillopora verrucosa","DOG","R1",19.63511111,40.57536111,"Sep-11"
"226","PDOG-R1-20","Pocillopora verrucosa","DOG","R1",19.63511111,40.57536111,"Sep-11"
"227","PDOG-R1-21","Pocillopora verrucosa","DOG","R1",19.63511111,40.57536111,"Sep-11"
"228","PDOG-R1-22","Pocillopora verrucosa","DOG","R1",19.63511111,40.57536111,"Sep-11"
"229","PDOG-R1-23","Pocillopora verrucosa","DOG","R1",19.63511111,40.57536111,"Sep-11"
"230","PDOG-R1-24","Pocillopora verrucosa","DOG","R1",19.63511111,40.57536111,"Sep-11"
"231","PDOG-R1-27","Pocillopora verrucosa","DOG","R1",19.63511111,40.57536111,"Sep-11"
"232","PDOG-R1-28","Pocillopora verrucosa","DOG","R1",19.63511111,40.57536111,"Sep-11"
"233","PDOG-R1-29","Pocillopora verrucosa","DOG","R1",19.63511111,40.57536111,"Sep-11"
"234","PDOG-R1-30","Pocillopora verrucosa","DOG","R1",19.63511111,40.57536111,"Sep-11"
"235","PDOG-R2-1","Pocillopora verrucosa","DOG","R2",19.61402778,40.63819444,"Sep-11"
"236","PDOG-R2-2","Pocillopora verrucosa","DOG","R2",19.61402778,40.63819444,"Sep-11"
"237","PDOG-R2-3","Pocillopora verrucosa","DOG","R2",19.61402778,40.63819444,"Sep-11"
"238","PDOG-R2-5","Pocillopora verrucosa","DOG","R2",19.61402778,40.63819444,"Sep-11"
"239","PDOG-R2-6","Pocillopora verrucosa","DOG","R2",19.61402778,40.63819444,"Sep-11"
"240","PDOG-R2-8","Pocillopora verrucosa","DOG","R2",19.61402778,40.63819444,"Sep-11"
"241","PDOG-R2-9","Pocillopora verrucosa","DOG","R2",19.61402778,40.63819444,"Sep-11"
"242","PDOG-R2-10","Pocillopora verrucosa","DOG","R2",19.61402778,40.63819444,"Sep-11"
"243","PDOG-R2-11","Pocillopora verrucosa","DOG","R2",19.61402778,40.63819444,"Sep-11"
"244","PDOG-R2-12","Pocillopora verrucosa","DOG","R2",19.61402778,40.63819444,"Sep-11"
"245","PDOG-R2-15","Pocillopora verrucosa","DOG","R2",19.61402778,40.63819444,"Sep-11"
"246","PDOG-R2-17","Pocillopora verrucosa","DOG","R2",19.61402778,40.63819444,"Sep-11"
"247","PDOG-R2-19","Pocillopora verrucosa","DOG","R2",19.61402778,40.63819444,"Sep-11"
"248","PDOG-R2-20","Pocillopora verrucosa","DOG","R2",19.61402778,40.63819444,"Sep-11"
"249","PDOG-R2-21","Pocillopora verrucosa","DOG","R2",19.61402778,40.63819444,"Sep-11"
"250","PDOG-R2-22","Pocillopora verrucosa","DOG","R2",19.61402778,40.63819444,"Sep-11"
"251","PDOG-R2-23","Pocillopora verrucosa","DOG","R2",19.61402778,40.63819444,"Sep-11"
"252","PDOG-R2-24","Pocillopora verrucosa","DOG","R2",19.61402778,40.63819444,"Sep-11"
"253","PDOG-R2-25","Pocillopora verrucosa","DOG","R2",19.61402778,40.63819444,"Sep-11"
"254","PDOG-R2-26","Pocillopora verrucosa","DOG","R2",19.61402778,40.63819444,"Sep-11"
"255","PDOG-R3-5","Pocillopora verrucosa","DOG","R3",19.66569167,40.62266389,"Mar-12"
"256","PDOG-R3-6","Pocillopora verrucosa","DOG","R3",19.66569167,40.62266389,"Mar-12"
"257","PDOG-R3-7","Pocillopora verrucosa","DOG","R3",19.66569167,40.62266389,"Mar-12"
"258","PDOG-R3-8","Pocillopora verrucosa","DOG","R3",19.66569167,40.62266389,"Mar-12"
"259","PDOG-R3-9","Pocillopora verrucosa","DOG","R3",19.66569167,40.62266389,"Mar-12"
"260","PDOG-R3-10","Pocillopora verrucosa","DOG","R3",19.66569167,40.62266389,"Mar-12"
"261","PDOG-R3-11","Pocillopora verrucosa","DOG","R3",19.66569167,40.62266389,"Mar-12"
"262","PDOG-R3-12","Pocillopora verrucosa","DOG","R3",19.66569167,40.62266389,"Mar-12"
"263","PDOG-R3-14","Pocillopora verrucosa","DOG","R3",19.66569167,40.62266389,"Mar-12"
"264","PDOG-R3-16","Pocillopora verrucosa","DOG","R3",19.66569167,40.62266389,"Mar-12"
"265","PDOG-R3-18","Pocillopora verrucosa","DOG","R3",19.66569167,40.62266389,"Mar-12"
"266","PDOG-R3-19","Pocillopora verrucosa","DOG","R3",19.66569167,40.62266389,"Mar-12"
"267","PDOG-R3-20","Pocillopora verrucosa","DOG","R3",19.66569167,40.62266389,"Mar-12"
"268","PDOG-R3-21","Pocillopora verrucosa","DOG","R3",19.66569167,40.62266389,"Mar-12"
"269","PDOG-R3-24","Pocillopora verrucosa","DOG","R3",19.66569167,40.62266389,"Mar-12"
"270","PDOG-R3-26","Pocillopora verrucosa","DOG","R3",19.66569167,40.62266389,"Mar-12"
"271","PDOG-R3-27","Pocillopora verrucosa","DOG","R3",19.66569167,40.62266389,"Mar-12"
"272","PDOG-R3-28","Pocillopora verrucosa","DOG","R3",19.66569167,40.62266389,"Mar-12"
"273","PDOG-R3-29","Pocillopora verrucosa","DOG","R3",19.66569167,40.62266389,"Mar-12"
"274","PDOG-R3-30","Pocillopora verrucosa","DOG","R3",19.66569167,40.62266389,"Mar-12"
"275","PFAR-R3-1","Pocillopora verrucosa","FAR","R3",16.52518056,42.03253056,"Sep-11"
"276","PFAR-R3-2","Pocillopora verrucosa","FAR","R3",16.52518056,42.03253056,"Sep-11"
"277","PFAR-R3-3","Pocillopora verrucosa","FAR","R3",16.52518056,42.03253056,"Sep-11"
"278","PFAR-R3-4","Pocillopora verrucosa","FAR","R3",16.52518056,42.03253056,"Sep-11"
"279","PFAR-R3-8","Pocillopora verrucosa","FAR","R3",16.52518056,42.03253056,"Sep-11"
"280","PFAR-R3-9","Pocillopora verrucosa","FAR","R3",16.52518056,42.03253056,"Sep-11"
"281","PFAR-R3-12","Pocillopora verrucosa","FAR","R3",16.52518056,42.03253056,"Sep-11"
"282","PFAR-R3-14","Pocillopora verrucosa","FAR","R3",16.52518056,42.03253056,"Sep-11"
"283","PFAR-R3-16","Pocillopora verrucosa","FAR","R3",16.52518056,42.03253056,"Sep-11"
"284","PFAR-R3-17","Pocillopora verrucosa","FAR","R3",16.52518056,42.03253056,"Sep-11"
"285","PFAR-R3-18","Pocillopora verrucosa","FAR","R3",16.52518056,42.03253056,"Sep-11"
"286","PFAR-R3-19","Pocillopora verrucosa","FAR","R3",16.52518056,42.03253056,"Sep-11"
"287","PFAR-R3-20","Pocillopora verrucosa","FAR","R3",16.52518056,42.03253056,"Sep-11"
"288","PFAR-R3-21","Pocillopora verrucosa","FAR","R3",16.52518056,42.03253056,"Sep-11"
"289","PFAR-R3-22","Pocillopora verrucosa","FAR","R3",16.52518056,42.03253056,"Sep-11"
"290","PFAR-R3-23","Pocillopora verrucosa","FAR","R3",16.52518056,42.03253056,"Sep-11"
"291","PFAR-R3-24","Pocillopora verrucosa","FAR","R3",16.52518056,42.03253056,"Sep-11"
"292","PFAR-R3-25","Pocillopora verrucosa","FAR","R3",16.52518056,42.03253056,"Sep-11"
"293","PFAR-R3-27","Pocillopora verrucosa","FAR","R3",16.52518056,42.03253056,"Sep-11"
"294","PFAR-R3-28","Pocillopora verrucosa","FAR","R3",16.52518056,42.03253056,"Sep-11"
"295","PFAR-R3-29","Pocillopora verrucosa","FAR","R3",16.52518056,42.03253056,"Sep-11"
"296","PFAR-R3-30","Pocillopora verrucosa","FAR","R3",16.52518056,42.03253056,"Sep-11"
"297","SMAQ-R1-1","Stylophora pistillata ","MAQ","R1",28.52616667,34.80397222,"Sep-11"
"298","SMAQ-R1-2","Stylophora pistillata ","MAQ","R1",28.52616667,34.80397222,"Sep-11"
"299","SMAQ-R1-3","Stylophora pistillata ","MAQ","R1",28.52616667,34.80397222,"Sep-11"
"300","SMAQ-R1-4","Stylophora pistillata ","MAQ","R1",28.52616667,34.80397222,"Sep-11"
"301","SMAQ-R1-5","Stylophora pistillata ","MAQ","R1",28.52616667,34.80397222,"Sep-11"
"302","SMAQ-R1-6","Stylophora pistillata ","MAQ","R1",28.52616667,34.80397222,"Sep-11"
"303","SMAQ-R1-7","Stylophora pistillata ","MAQ","R1",28.52616667,34.80397222,"Sep-11"
"304","SMAQ-R1-8","Stylophora pistillata ","MAQ","R1",28.52616667,34.80397222,"Sep-11"
"305","SMAQ-R1-10","Stylophora pistillata ","MAQ","R1",28.52616667,34.80397222,"Sep-11"
"306","SMAQ-R1-11","Stylophora pistillata ","MAQ","R1",28.52616667,34.80397222,"Sep-11"
"307","SMAQ-R1-12","Stylophora pistillata ","MAQ","R1",28.52616667,34.80397222,"Sep-11"
"308","SMAQ-R1-14","Stylophora pistillata ","MAQ","R1",28.52616667,34.80397222,"Sep-11"
"309","SMAQ-R1-15","Stylophora pistillata ","MAQ","R1",28.52616667,34.80397222,"Sep-11"
"310","SMAQ-R1-19","Stylophora pistillata ","MAQ","R1",28.52616667,34.80397222,"Sep-11"
"311","SMAQ-R1-23","Stylophora pistillata ","MAQ","R1",28.52616667,34.80397222,"Sep-11"
"312","SMAQ-R1-24","Stylophora pistillata ","MAQ","R1",28.52616667,34.80397222,"Sep-11"
"313","SMAQ-R1-25","Stylophora pistillata ","MAQ","R1",28.52616667,34.80397222,"Sep-11"
"314","SMAQ-R1-28","Stylophora pistillata ","MAQ","R1",28.52616667,34.80397222,"Sep-11"
"315","SMAQ-R1-29","Stylophora pistillata ","MAQ","R1",28.52616667,34.80397222,"Sep-11"
"316","SMAQ-R2-16","Stylophora pistillata ","MAQ","R2",28.4268,34.75171389,"Mar-12"
"317","SMAQ-R2-33","Stylophora pistillata ","MAQ","R2",28.4268,34.75171389,"Mar-12"
"318","SMAQ-R2-3","Stylophora pistillata ","MAQ","R2",28.4268,34.75171389,"Mar-12"
"319","SMAQ-R2-6","Stylophora pistillata ","MAQ","R2",28.4268,34.75171389,"Mar-12"
"320","SMAQ-R2-7","Stylophora pistillata ","MAQ","R2",28.4268,34.75171389,"Mar-12"
"321","SMAQ-R2-8","Stylophora pistillata ","MAQ","R2",28.4268,34.75171389,"Mar-12"
"322","SMAQ-R2-9","Stylophora pistillata ","MAQ","R2",28.4268,34.75171389,"Mar-12"
"323","SMAQ-R2-10","Stylophora pistillata ","MAQ","R2",28.4268,34.75171389,"Mar-12"
"324","SMAQ-R2-11","Stylophora pistillata ","MAQ","R2",28.4268,34.75171389,"Mar-12"
"325","SMAQ-R2-13","Stylophora pistillata ","MAQ","R2",28.4268,34.75171389,"Mar-12"
"326","SMAQ-R2-14","Stylophora pistillata ","MAQ","R2",28.4268,34.75171389,"Mar-12"
"327","SMAQ-R2-17","Stylophora pistillata ","MAQ","R2",28.4268,34.75171389,"Mar-12"
"328","SMAQ-R2-18","Stylophora pistillata ","MAQ","R2",28.4268,34.75171389,"Mar-12"
"329","SMAQ-R2-20","Stylophora pistillata ","MAQ","R2",28.4268,34.75171389,"Mar-12"
"330","SMAQ-R2-37","Stylophora pistillata ","MAQ","R2",28.4268,34.75171389,"Mar-12"
"331","SMAQ-R2-22","Stylophora pistillata ","MAQ","R2",28.4268,34.75171389,"Mar-12"
"332","SMAQ-R2-40","Stylophora pistillata ","MAQ","R2",28.4268,34.75171389,"Mar-12"
"333","SMAQ-R2-27","Stylophora pistillata ","MAQ","R2",28.4268,34.75171389,"Mar-12"
"334","SMAQ-R2-28","Stylophora pistillata ","MAQ","R2",28.4268,34.75171389,"Mar-12"
"335","SMAQ-R2-29","Stylophora pistillata ","MAQ","R2",28.4268,34.75171389,"Mar-12"
"336","SMAQ-R2-30","Stylophora pistillata ","MAQ","R2",28.4268,34.75171389,"Mar-12"
"337","SMAQ-R2-31","Stylophora pistillata ","MAQ","R2",28.4268,34.75171389,"Mar-12"
"338","SWAJ-R1-23","Stylophora pistillata ","WAJ","R1",26.18751389,36.3492,"Sep-11"
"339","SWAJ-R1-25","Stylophora pistillata ","WAJ","R1",26.18751389,36.3492,"Sep-11"
"340","SWAJ-R1-26","Stylophora pistillata ","WAJ","R1",26.18751389,36.3492,"Sep-11"
"341","SWAJ-R1-27","Stylophora pistillata ","WAJ","R1",26.18751389,36.3492,"Sep-11"
"342","SWAJ-R1-29","Stylophora pistillata ","WAJ","R1",26.18751389,36.3492,"Sep-11"
"343","SWAJ-R1-30","Stylophora pistillata ","WAJ","R1",26.18751389,36.3492,"Sep-11"
"344","SWAJ-R1-33","Stylophora pistillata ","WAJ","R1",26.18751389,36.3492,"Sep-11"
"345","SWAJ-R1-34","Stylophora pistillata ","WAJ","R1",26.18751389,36.3492,"Sep-11"
"346","SWAJ-R1-38","Stylophora pistillata ","WAJ","R1",26.18751389,36.3492,"Sep-11"
"347","SWAJ-R1-42","Stylophora pistillata ","WAJ","R1",26.18751389,36.3492,"Sep-11"
"348","SWAJ-R1-45","Stylophora pistillata ","WAJ","R1",26.18751389,36.3492,"Sep-11"
"349","SWAJ-R3-1","Stylophora pistillata ","WAJ","R3",26.24119444,36.44036111,"Mar-12"
"350","SWAJ-R3-2","Stylophora pistillata ","WAJ","R3",26.24119444,36.44036111,"Mar-12"
"351","SWAJ-R3-3","Stylophora pistillata ","WAJ","R3",26.24119444,36.44036111,"Mar-12"
"352","SWAJ-R3-4","Stylophora pistillata ","WAJ","R3",26.24119444,36.44036111,"Mar-12"
"353","SWAJ-R3-5","Stylophora pistillata ","WAJ","R3",26.24119444,36.44036111,"Mar-12"
"354","SWAJ-R3-6","Stylophora pistillata ","WAJ","R3",26.24119444,36.44036111,"Mar-12"
"355","SWAJ-R3-7","Stylophora pistillata ","WAJ","R3",26.24119444,36.44036111,"Mar-12"
"356","SWAJ-R3-8","Stylophora pistillata ","WAJ","R3",26.24119444,36.44036111,"Mar-12"
"357","SWAJ-R3-9","Stylophora pistillata ","WAJ","R3",26.24119444,36.44036111,"Mar-12"
"358","SWAJ-R3-10","Stylophora pistillata ","WAJ","R3",26.24119444,36.44036111,"Mar-12"
"359","SWAJ-R3-11","Stylophora pistillata ","WAJ","R3",26.24119444,36.44036111,"Mar-12"
"360","SWAJ-R3-12","Stylophora pistillata ","WAJ","R3",26.24119444,36.44036111,"Mar-12"
"361","SWAJ-R3-13","Stylophora pistillata ","WAJ","R3",26.24119444,36.44036111,"Mar-12"
"362","SWAJ-R3-14","Stylophora pistillata ","WAJ","R3",26.24119444,36.44036111,"Mar-12"
"363","SWAJ-R3-15","Stylophora pistillata ","WAJ","R3",26.24119444,36.44036111,"Mar-12"
"364","SWAJ-R3-16","Stylophora pistillata ","WAJ","R3",26.24119444,36.44036111,"Mar-12"
"365","SWAJ-R3-17","Stylophora pistillata ","WAJ","R3",26.24119444,36.44036111,"Mar-12"
"366","SWAJ-R3-18","Stylophora pistillata ","WAJ","R3",26.24119444,36.44036111,"Mar-12"
"367","SWAJ-R3-19","Stylophora pistillata ","WAJ","R3",26.24119444,36.44036111,"Mar-12"
"368","SWAJ-R3-21","Stylophora pistillata ","WAJ","R3",26.24119444,36.44036111,"Mar-12"
"369","SWAJ-R3-22","Stylophora pistillata ","WAJ","R3",26.24119444,36.44036111,"Mar-12"
"370","SWAJ-R3-23","Stylophora pistillata ","WAJ","R3",26.24119444,36.44036111,"Mar-12"
"371","SWAJ-R3-24","Stylophora pistillata ","WAJ","R3",26.24119444,36.44036111,"Mar-12"
"372","SWAJ-R4-1","Stylophora pistillata ","WAJ","R4",26.18505556,36.38302778,"Mar-12"
"373","SWAJ-R4-2","Stylophora pistillata ","WAJ","R4",26.18505556,36.38302778,"Mar-12"
"374","SWAJ-R4-3","Stylophora pistillata ","WAJ","R4",26.18505556,36.38302778,"Mar-12"
"375","SWAJ-R4-4","Stylophora pistillata ","WAJ","R4",26.18505556,36.38302778,"Mar-12"
"376","SWAJ-R4-5","Stylophora pistillata ","WAJ","R4",26.18505556,36.38302778,"Mar-12"
"377","SWAJ-R4-6","Stylophora pistillata ","WAJ","R4",26.18505556,36.38302778,"Mar-12"
"378","SWAJ-R4-7","Stylophora pistillata ","WAJ","R4",26.18505556,36.38302778,"Mar-12"
"379","SWAJ-R4-8","Stylophora pistillata ","WAJ","R4",26.18505556,36.38302778,"Mar-12"
"380","SWAJ-R4-9","Stylophora pistillata ","WAJ","R4",26.18505556,36.38302778,"Mar-12"
"381","SWAJ-R4-10","Stylophora pistillata ","WAJ","R4",26.18505556,36.38302778,"Mar-12"
"382","SWAJ-R4-11","Stylophora pistillata ","WAJ","R4",26.18505556,36.38302778,"Mar-12"
"383","SWAJ-R4-13","Stylophora pistillata ","WAJ","R4",26.18505556,36.38302778,"Mar-12"
"384","SWAJ-R4-14","Stylophora pistillata ","WAJ","R4",26.18505556,36.38302778,"Mar-12"
"385","SWAJ-R4-15","Stylophora pistillata ","WAJ","R4",26.18505556,36.38302778,"Mar-12"
"386","SWAJ-R4-17","Stylophora pistillata ","WAJ","R4",26.18505556,36.38302778,"Mar-12"
"387","SWAJ-R4-18","Stylophora pistillata ","WAJ","R4",26.18505556,36.38302778,"Mar-12"
"388","SWAJ-R4-19","Stylophora pistillata ","WAJ","R4",26.18505556,36.38302778,"Mar-12"
"389","SWAJ-R4-20","Stylophora pistillata ","WAJ","R4",26.18505556,36.38302778,"Mar-12"
"390","SWAJ-R4-21","Stylophora pistillata ","WAJ","R4",26.18505556,36.38302778,"Mar-12"
"391","SWAJ-R4-23","Stylophora pistillata ","WAJ","R4",26.18505556,36.38302778,"Mar-12"
"392","SWAJ-R4-24","Stylophora pistillata ","WAJ","R4",26.18505556,36.38302778,"Mar-12"
"393","SWAJ-R4-25","Stylophora pistillata ","WAJ","R4",26.18505556,36.38302778,"Mar-12"
"394","SWAJ-R4-26","Stylophora pistillata ","WAJ","R4",26.18505556,36.38302778,"Mar-12"
"395","SWAJ-R4-27","Stylophora pistillata ","WAJ","R4",26.18505556,36.38302778,"Mar-12"
"396","SWAJ-R4-30","Stylophora pistillata ","WAJ","R4",26.18505556,36.38302778,"Mar-12"
"397","SYAN-R1-1","Stylophora pistillata ","YAN","R1",23.94741667,38.1755,"Sep-11"
"398","SYAN-R1-2","Stylophora pistillata ","YAN","R1",23.94741667,38.1755,"Sep-11"
"399","SYAN-R1-3","Stylophora pistillata ","YAN","R1",23.94741667,38.1755,"Sep-11"
"400","SYAN-R1-5","Stylophora pistillata ","YAN","R1",23.94741667,38.1755,"Sep-11"
"401","SYAN-R1-6","Stylophora pistillata ","YAN","R1",23.94741667,38.1755,"Sep-11"
"402","SYAN-R1-7","Stylophora pistillata ","YAN","R1",23.94741667,38.1755,"Sep-11"
"403","SYAN-R1-29","Stylophora pistillata ","YAN","R1",23.94741667,38.1755,"Sep-11"
"404","SYAN-R1-9","Stylophora pistillata ","YAN","R1",23.94741667,38.1755,"Sep-11"
"405","SYAN-R1-10","Stylophora pistillata ","YAN","R1",23.94741667,38.1755,"Sep-11"
"406","SYAN-R1-11","Stylophora pistillata ","YAN","R1",23.94741667,38.1755,"Sep-11"
"407","SYAN-R1-12","Stylophora pistillata ","YAN","R1",23.94741667,38.1755,"Sep-11"
"408","SYAN-R1-13","Stylophora pistillata ","YAN","R1",23.94741667,38.1755,"Sep-11"
"409","SYAN-R1-14","Stylophora pistillata ","YAN","R1",23.94741667,38.1755,"Sep-11"
"410","SYAN-R1-15","Stylophora pistillata ","YAN","R1",23.94741667,38.1755,"Sep-11"
"411","SYAN-R1-16","Stylophora pistillata ","YAN","R1",23.94741667,38.1755,"Sep-11"
"412","SYAN-R1-30","Stylophora pistillata ","YAN","R1",23.94741667,38.1755,"Sep-11"
"413","SYAN-R1-18","Stylophora pistillata ","YAN","R1",23.94741667,38.1755,"Sep-11"
"414","SYAN-R1-19","Stylophora pistillata ","YAN","R1",23.94741667,38.1755,"Sep-11"
"415","SYAN-R1-20","Stylophora pistillata ","YAN","R1",23.94741667,38.1755,"Sep-11"
"416","SYAN-R3-1","Stylophora pistillata ","YAN","R3",23.95533333,38.20444444,"Mar-12"
"417","SYAN-R3-2","Stylophora pistillata ","YAN","R3",23.95533333,38.20444444,"Mar-12"
"418","SYAN-R3-3","Stylophora pistillata ","YAN","R3",23.95533333,38.20444444,"Mar-12"
"419","SYAN-R3-4","Stylophora pistillata ","YAN","R3",23.95533333,38.20444444,"Mar-12"
"420","SYAN-R3-6","Stylophora pistillata ","YAN","R3",23.95533333,38.20444444,"Mar-12"
"421","SYAN-R3-7","Stylophora pistillata ","YAN","R3",23.95533333,38.20444444,"Mar-12"
"422","SYAN-R3-8","Stylophora pistillata ","YAN","R3",23.95533333,38.20444444,"Mar-12"
"423","SYAN-R3-9","Stylophora pistillata ","YAN","R3",23.95533333,38.20444444,"Mar-12"
"424","SYAN-R3-10","Stylophora pistillata ","YAN","R3",23.95533333,38.20444444,"Mar-12"
"425","SYAN-R3-11","Stylophora pistillata ","YAN","R3",23.95533333,38.20444444,"Mar-12"
"426","SYAN-R3-12","Stylophora pistillata ","YAN","R3",23.95533333,38.20444444,"Mar-12"
"427","SYAN-R3-13","Stylophora pistillata ","YAN","R3",23.95533333,38.20444444,"Mar-12"
"428","SYAN-R3-14","Stylophora pistillata ","YAN","R3",23.95533333,38.20444444,"Mar-12"
"429","SYAN-R3-15","Stylophora pistillata ","YAN","R3",23.95533333,38.20444444,"Mar-12"
"430","SYAN-R3-16","Stylophora pistillata ","YAN","R3",23.95533333,38.20444444,"Mar-12"
"431","SYAN-R3-17","Stylophora pistillata ","YAN","R3",23.95533333,38.20444444,"Mar-12"
"432","SYAN-R3-18","Stylophora pistillata ","YAN","R3",23.95533333,38.20444444,"Mar-12"
"433","SYAN-R3-19","Stylophora pistillata ","YAN","R3",23.95533333,38.20444444,"Mar-12"
"434","SYAN-R3-20","Stylophora pistillata ","YAN","R3",23.95533333,38.20444444,"Mar-12"
"435","SYAN-R3-21","Stylophora pistillata ","YAN","R3",23.95533333,38.20444444,"Mar-12"
"436","SYAN-R3-22","Stylophora pistillata ","YAN","R3",23.95533333,38.20444444,"Mar-12"
"437","SYAN-R3-23","Stylophora pistillata ","YAN","R3",23.95533333,38.20444444,"Mar-12"
"438","SYAN-R3-24","Stylophora pistillata ","YAN","R3",23.95533333,38.20444444,"Mar-12"
"439","SYAN-R3-25","Stylophora pistillata ","YAN","R3",23.95533333,38.20444444,"Mar-12"
"440","SYAN-R3-26","Stylophora pistillata ","YAN","R3",23.95533333,38.20444444,"Mar-12"
"441","SYAN-R4-1","Stylophora pistillata ","YAN","R4",23.9115,38.15233333,"Mar-12"
"442","SYAN-R4-2","Stylophora pistillata ","YAN","R4",23.9115,38.15233333,"Mar-12"
"443","SYAN-R4-3","Stylophora pistillata ","YAN","R4",23.9115,38.15233333,"Mar-12"
"444","SYAN-R4-4","Stylophora pistillata ","YAN","R4",23.9115,38.15233333,"Mar-12"
"445","SYAN-R4-5","Stylophora pistillata ","YAN","R4",23.9115,38.15233333,"Mar-12"
"446","SYAN-R4-6","Stylophora pistillata ","YAN","R4",23.9115,38.15233333,"Mar-12"
"447","SYAN-R4-7","Stylophora pistillata ","YAN","R4",23.9115,38.15233333,"Mar-12"
"448","SYAN-R4-8","Stylophora pistillata ","YAN","R4",23.9115,38.15233333,"Mar-12"
"449","SYAN-R4-9","Stylophora pistillata ","YAN","R4",23.9115,38.15233333,"Mar-12"
"450","SYAN-R4-10","Stylophora pistillata ","YAN","R4",23.9115,38.15233333,"Mar-12"
"451","SYAN-R4-11","Stylophora pistillata ","YAN","R4",23.9115,38.15233333,"Mar-12"
"452","SYAN-R4-12","Stylophora pistillata ","YAN","R4",23.9115,38.15233333,"Mar-12"
"453","SYAN-R4-13","Stylophora pistillata ","YAN","R4",23.9115,38.15233333,"Mar-12"
"454","SYAN-R4-14","Stylophora pistillata ","YAN","R4",23.9115,38.15233333,"Mar-12"
"455","SYAN-R4-15","Stylophora pistillata ","YAN","R4",23.9115,38.15233333,"Mar-12"
"456","SYAN-R4-16","Stylophora pistillata ","YAN","R4",23.9115,38.15233333,"Mar-12"
"457","SYAN-R4-17","Stylophora pistillata ","YAN","R4",23.9115,38.15233333,"Mar-12"
"458","SYAN-R4-18","Stylophora pistillata ","YAN","R4",23.9115,38.15233333,"Mar-12"
"459","SYAN-R4-19","Stylophora pistillata ","YAN","R4",23.9115,38.15233333,"Mar-12"
"460","SYAN-R4-20","Stylophora pistillata ","YAN","R4",23.9115,38.15233333,"Mar-12"
"461","SYAN-R4-21","Stylophora pistillata ","YAN","R4",23.9115,38.15233333,"Mar-12"
"462","SYAN-R4-22","Stylophora pistillata ","YAN","R4",23.9115,38.15233333,"Mar-12"
"463","SYAN-R4-23","Stylophora pistillata ","YAN","R4",23.9115,38.15233333,"Mar-12"
"464","SYAN-R4-24","Stylophora pistillata ","YAN","R4",23.9115,38.15233333,"Mar-12"
"465","SYAN-R4-25","Stylophora pistillata ","YAN","R4",23.9115,38.15233333,"Mar-12"
"466","SKAU-R1-4","Stylophora pistillata ","KAU","R1",22.31916667,38.85444444,"Mar-12"
"467","SKAU-R1-6","Stylophora pistillata ","KAU","R1",22.31916667,38.85444444,"Mar-12"
"468","SKAU-R1-8","Stylophora pistillata ","KAU","R1",22.31916667,38.85444444,"Mar-12"
"469","SKAU-R1-16","Stylophora pistillata ","KAU","R1",22.31916667,38.85444444,"Mar-12"
"470","SKAU-R1-21","Stylophora pistillata ","KAU","R1",22.31916667,38.85444444,"Mar-12"
"471","SKAU-R1-23","Stylophora pistillata ","KAU","R1",22.31916667,38.85444444,"Mar-12"
"472","SKAU-R1-27","Stylophora pistillata ","KAU","R1",22.31916667,38.85444444,"Mar-12"
"473","SKAU-R1-28","Stylophora pistillata ","KAU","R1",22.31916667,38.85444444,"Mar-12"
"474","SKAU-R2-1","Stylophora pistillata ","KAU","R2",22.06722222,38.76916667,"Mar-12"
"475","SKAU-R2-2","Stylophora pistillata ","KAU","R2",22.06722222,38.76916667,"Mar-12"
"476","SKAU-R2-3","Stylophora pistillata ","KAU","R2",22.06722222,38.76916667,"Mar-12"
"477","SKAU-R2-4","Stylophora pistillata ","KAU","R2",22.06722222,38.76916667,"Mar-12"
"478","SKAU-R2-5","Stylophora pistillata ","KAU","R2",22.06722222,38.76916667,"Mar-12"
"479","SKAU-R2-7","Stylophora pistillata ","KAU","R2",22.06722222,38.76916667,"Mar-12"
"480","SKAU-R2-8","Stylophora pistillata ","KAU","R2",22.06722222,38.76916667,"Mar-12"
"481","SKAU-R2-10","Stylophora pistillata ","KAU","R2",22.06722222,38.76916667,"Mar-12"
"482","SKAU-R2-16","Stylophora pistillata ","KAU","R2",22.06722222,38.76916667,"Mar-12"
"483","SKAU-R2-19","Stylophora pistillata ","KAU","R2",22.06722222,38.76916667,"Mar-12"
"484","SKAU-R2-22","Stylophora pistillata ","KAU","R2",22.06722222,38.76916667,"Mar-12"
"485","SKAU-R2-23","Stylophora pistillata ","KAU","R2",22.06722222,38.76916667,"Mar-12"
"486","SKAU-R2-25","Stylophora pistillata ","KAU","R2",22.06722222,38.76916667,"Mar-12"
"487","SKAU-R2-26","Stylophora pistillata ","KAU","R2",22.06722222,38.76916667,"Mar-12"
"488","SKAU-R2-28","Stylophora pistillata ","KAU","R2",22.06722222,38.76916667,"Mar-12"
"489","SKAU-R2-31","Stylophora pistillata ","KAU","R2",22.06722222,38.76916667,"Mar-12"
"490","SKAU-R2-32","Stylophora pistillata ","KAU","R2",22.06722222,38.76916667,"Mar-12"
"491","SKAU-R2-33","Stylophora pistillata ","KAU","R2",22.06722222,38.76916667,"Mar-12"
"492","SKAU-R3-32","Stylophora pistillata ","KAU","R3",22.51333333,38.92138889,"Mar-12"
"493","SKAU-R3-33","Stylophora pistillata ","KAU","R3",22.51333333,38.92138889,"Mar-12"
"494","SKAU-R3-35","Stylophora pistillata ","KAU","R3",22.51333333,38.92138889,"Mar-12"
"495","SKAU-R3-36","Stylophora pistillata ","KAU","R3",22.51333333,38.92138889,"Mar-12"
"496","SKAU-R3-37","Stylophora pistillata ","KAU","R3",22.51333333,38.92138889,"Mar-12"
"497","SKAU-R3-39","Stylophora pistillata ","KAU","R3",22.51333333,38.92138889,"Mar-12"
"498","SKAU-R3-40","Stylophora pistillata ","KAU","R3",22.51333333,38.92138889,"Mar-12"
"499","SKAU-R3-41","Stylophora pistillata ","KAU","R3",22.51333333,38.92138889,"Mar-12"
"500","SKAU-R3-43","Stylophora pistillata ","KAU","R3",22.51333333,38.92138889,"Mar-12"
"501","SKAU-R3-44","Stylophora pistillata ","KAU","R3",22.51333333,38.92138889,"Mar-12"
"502","SKAU-R3-47","Stylophora pistillata ","KAU","R3",22.51333333,38.92138889,"Mar-12"
"503","SKAU-R3-48","Stylophora pistillata ","KAU","R3",22.51333333,38.92138889,"Mar-12"
"504","SKAU-R3-50","Stylophora pistillata ","KAU","R3",22.51333333,38.92138889,"Mar-12"
"505","SKAU-R3-51","Stylophora pistillata ","KAU","R3",22.51333333,38.92138889,"Mar-12"
"506","SKAU-R3-52","Stylophora pistillata ","KAU","R3",22.51333333,38.92138889,"Mar-12"
"507","SKAU-R3-54","Stylophora pistillata ","KAU","R3",22.51333333,38.92138889,"Mar-12"
"508","SKAU-R3-55","Stylophora pistillata ","KAU","R3",22.51333333,38.92138889,"Mar-12"
"509","SKAU-R3-56","Stylophora pistillata ","KAU","R3",22.51333333,38.92138889,"Mar-12"
"510","SKAU-R3-58","Stylophora pistillata ","KAU","R3",22.51333333,38.92138889,"Mar-12"
"511","SKAU-R3-59","Stylophora pistillata ","KAU","R3",22.51333333,38.92138889,"Mar-12"
"512","SDOG-R1-2","Stylophora pistillata ","DOG","R1",19.63511111,40.57536111,"Sep-11"
"513","SDOG-R1-7","Stylophora pistillata ","DOG","R1",19.63511111,40.57536111,"Sep-11"
"514","SDOG-R1-16","Stylophora pistillata ","DOG","R1",19.63511111,40.57536111,"Sep-11"
"515","SDOG-R1-18","Stylophora pistillata ","DOG","R1",19.63511111,40.57536111,"Sep-11"
"516","SDOG-R1-19","Stylophora pistillata ","DOG","R1",19.63511111,40.57536111,"Sep-11"
"517","SDOG-R1-20","Stylophora pistillata ","DOG","R1",19.63511111,40.57536111,"Sep-11"
"518","SDOG-R1-21","Stylophora pistillata ","DOG","R1",19.63511111,40.57536111,"Sep-11"
"519","SDOG-R1-22","Stylophora pistillata ","DOG","R1",19.63511111,40.57536111,"Sep-11"
"520","SDOG-R1-24","Stylophora pistillata ","DOG","R1",19.63511111,40.57536111,"Sep-11"
"521","SDOG-R1-25","Stylophora pistillata ","DOG","R1",19.63511111,40.57536111,"Sep-11"
"522","SDOG-R1-26","Stylophora pistillata ","DOG","R1",19.63511111,40.57536111,"Sep-11"
"523","SDOG-R1-28","Stylophora pistillata ","DOG","R1",19.63511111,40.57536111,"Sep-11"
"524","SDOG-R1-29","Stylophora pistillata ","DOG","R1",19.63511111,40.57536111,"Sep-11"
"525","SDOG-R1-30","Stylophora pistillata ","DOG","R1",19.63511111,40.57536111,"Sep-11"
"526","SDOG-R2-1","Stylophora pistillata ","DOG","R2",19.61402778,40.63819444,"Sep-11"
"527","SDOG-R2-3","Stylophora pistillata ","DOG","R2",19.61402778,40.63819444,"Sep-11"
"528","SDOG-R2-4","Stylophora pistillata ","DOG","R2",19.61402778,40.63819444,"Sep-11"
"529","SDOG-R2-5","Stylophora pistillata ","DOG","R2",19.61402778,40.63819444,"Sep-11"
"530","SDOG-R2-6","Stylophora pistillata ","DOG","R2",19.61402778,40.63819444,"Sep-11"
"531","SDOG-R2-8","Stylophora pistillata ","DOG","R2",19.61402778,40.63819444,"Sep-11"
"532","SDOG-R2-11","Stylophora pistillata ","DOG","R2",19.61402778,40.63819444,"Sep-11"
"533","SDOG-R2-13","Stylophora pistillata ","DOG","R2",19.61402778,40.63819444,"Sep-11"
"534","SDOG-R2-14","Stylophora pistillata ","DOG","R2",19.61402778,40.63819444,"Sep-11"
"535","SDOG-R2-15","Stylophora pistillata ","DOG","R2",19.61402778,40.63819444,"Sep-11"
"536","SDOG-R2-16","Stylophora pistillata ","DOG","R2",19.61402778,40.63819444,"Sep-11"
"537","SDOG-R2-17","Stylophora pistillata ","DOG","R2",19.61402778,40.63819444,"Sep-11"
"538","SDOG-R2-18","Stylophora pistillata ","DOG","R2",19.61402778,40.63819444,"Sep-11"
"539","SDOG-R2-19","Stylophora pistillata ","DOG","R2",19.61402778,40.63819444,"Sep-11"
"540","SDOG-R2-21","Stylophora pistillata ","DOG","R2",19.61402778,40.63819444,"Sep-11"
"541","SDOG-R2-22","Stylophora pistillata ","DOG","R2",19.61402778,40.63819444,"Sep-11"
"542","SDOG-R2-24","Stylophora pistillata ","DOG","R2",19.61402778,40.63819444,"Sep-11"
"543","SDOG-R2-26","Stylophora pistillata ","DOG","R2",19.61402778,40.63819444,"Sep-11"
"544","SDOG-R2-28","Stylophora pistillata ","DOG","R2",19.61402778,40.63819444,"Sep-11"
"545","SDOG-R2-29","Stylophora pistillata ","DOG","R2",19.61402778,40.63819444,"Sep-11"
"546","SDOG-R2-30","Stylophora pistillata ","DOG","R2",19.61402778,40.63819444,"Sep-11"
"547","SDOG-R3-2","Stylophora pistillata ","DOG","R3",19.66569167,40.62266389,"Mar-12"
"548","SDOG-R3-3","Stylophora pistillata ","DOG","R3",19.66569167,40.62266389,"Mar-12"
"549","SDOG-R3-4","Stylophora pistillata ","DOG","R3",19.66569167,40.62266389,"Mar-12"
"550","SDOG-R3-5","Stylophora pistillata ","DOG","R3",19.66569167,40.62266389,"Mar-12"
"551","SDOG-R3-6","Stylophora pistillata ","DOG","R3",19.66569167,40.62266389,"Mar-12"
"552","SDOG-R3-7","Stylophora pistillata ","DOG","R3",19.66569167,40.62266389,"Mar-12"
"553","SDOG-R3-8","Stylophora pistillata ","DOG","R3",19.66569167,40.62266389,"Mar-12"
"554","SDOG-R3-9","Stylophora pistillata ","DOG","R3",19.66569167,40.62266389,"Mar-12"
"555","SDOG-R3-10","Stylophora pistillata ","DOG","R3",19.66569167,40.62266389,"Mar-12"
"556","SDOG-R3-11","Stylophora pistillata ","DOG","R3",19.66569167,40.62266389,"Mar-12"
"557","SDOG-R3-12","Stylophora pistillata ","DOG","R3",19.66569167,40.62266389,"Mar-12"
"558","SDOG-R3-13","Stylophora pistillata ","DOG","R3",19.66569167,40.62266389,"Mar-12"
"559","SDOG-R3-14","Stylophora pistillata ","DOG","R3",19.66569167,40.62266389,"Mar-12"
"560","SDOG-R3-15","Stylophora pistillata ","DOG","R3",19.66569167,40.62266389,"Mar-12"
"561","SDOG-R3-16","Stylophora pistillata ","DOG","R3",19.66569167,40.62266389,"Mar-12"
"562","SDOG-R3-17","Stylophora pistillata ","DOG","R3",19.66569167,40.62266389,"Mar-12"
"563","SDOG-R3-18","Stylophora pistillata ","DOG","R3",19.66569167,40.62266389,"Mar-12"
"564","SDOG-R3-19","Stylophora pistillata ","DOG","R3",19.66569167,40.62266389,"Mar-12"
"565","SDOG-R3-20","Stylophora pistillata ","DOG","R3",19.66569167,40.62266389,"Mar-12"
"566","SDOG-R3-21","Stylophora pistillata ","DOG","R3",19.66569167,40.62266389,"Mar-12"
"567","SDOG-R3-23","Stylophora pistillata ","DOG","R3",19.66569167,40.62266389,"Mar-12"
"568","SDOG-R3-24","Stylophora pistillata ","DOG","R3",19.66569167,40.62266389,"Mar-12"
"569","SDOG-R3-25","Stylophora pistillata ","DOG","R3",19.66569167,40.62266389,"Mar-12"
"570","SDOG-R3-26","Stylophora pistillata ","DOG","R3",19.66569167,40.62266389,"Mar-12"
"571","SDOG-R3-28","Stylophora pistillata ","DOG","R3",19.66569167,40.62266389,"Mar-12"
"572","SFAR-R1-1","Stylophora pistillata ","FAR","R1",16.57930556,42.14930556,"Sep-11"
"573","SFAR-R1-2","Stylophora pistillata ","FAR","R1",16.57930556,42.14930556,"Sep-11"
"574","SFAR-R1-3","Stylophora pistillata ","FAR","R1",16.57930556,42.14930556,"Sep-11"
"575","SFAR-R1-4","Stylophora pistillata ","FAR","R1",16.57930556,42.14930556,"Sep-11"
"576","SFAR-R1-5","Stylophora pistillata ","FAR","R1",16.57930556,42.14930556,"Sep-11"
"577","SFAR-R1-6","Stylophora pistillata ","FAR","R1",16.57930556,42.14930556,"Sep-11"
"578","SFAR-R1-7","Stylophora pistillata ","FAR","R1",16.57930556,42.14930556,"Sep-11"
"579","SFAR-R1-8","Stylophora pistillata ","FAR","R1",16.57930556,42.14930556,"Sep-11"
"580","SFAR-R1-9","Stylophora pistillata ","FAR","R1",16.57930556,42.14930556,"Sep-11"
"581","SFAR-R1-10","Stylophora pistillata ","FAR","R1",16.57930556,42.14930556,"Sep-11"
"582","SFAR-R1-11","Stylophora pistillata ","FAR","R1",16.57930556,42.14930556,"Sep-11"
"583","SFAR-R1-28","Stylophora pistillata ","FAR","R1",16.57930556,42.14930556,"Sep-11"
"584","SFAR-R1-14","Stylophora pistillata ","FAR","R1",16.57930556,42.14930556,"Sep-11"
"585","SFAR-R1-15","Stylophora pistillata ","FAR","R1",16.57930556,42.14930556,"Sep-11"
"586","SFAR-R1-16","Stylophora pistillata ","FAR","R1",16.57930556,42.14930556,"Sep-11"
"587","SFAR-R1-17","Stylophora pistillata ","FAR","R1",16.57930556,42.14930556,"Sep-11"
"588","SFAR-R1-18","Stylophora pistillata ","FAR","R1",16.57930556,42.14930556,"Sep-11"
"589","SFAR-R1-19","Stylophora pistillata ","FAR","R1",16.57930556,42.14930556,"Sep-11"
"590","SFAR-R1-29","Stylophora pistillata ","FAR","R1",16.57930556,42.14930556,"Sep-11"
"591","SFAR-R1-20","Stylophora pistillata ","FAR","R1",16.57930556,42.14930556,"Sep-11"
"592","SFAR-R1-22","Stylophora pistillata ","FAR","R1",16.57930556,42.14930556,"Sep-11"
"593","SFAR-R1-23","Stylophora pistillata ","FAR","R1",16.57930556,42.14930556,"Sep-11"
"594","SFAR-R1-24","Stylophora pistillata ","FAR","R1",16.57930556,42.14930556,"Sep-11"
"595","SFAR-R1-25","Stylophora pistillata ","FAR","R1",16.57930556,42.14930556,"Sep-11"
"596","SFAR-R1-27","Stylophora pistillata ","FAR","R1",16.57930556,42.14930556,"Sep-11"
"597","SFAR-R2-1","Stylophora pistillata ","FAR","R2",16.57899444,42.23651944,"Sep-11"
"598","SFAR-R2-2","Stylophora pistillata ","FAR","R2",16.57899444,42.23651944,"Sep-11"
"599","SFAR-R2-3","Stylophora pistillata ","FAR","R2",16.57899444,42.23651944,"Sep-11"
"600","SFAR-R2-27","Stylophora pistillata ","FAR","R2",16.57899444,42.23651944,"Sep-11"
"601","SFAR-R2-5","Stylophora pistillata ","FAR","R2",16.57899444,42.23651944,"Sep-11"
"602","SFAR-R2-7","Stylophora pistillata ","FAR","R2",16.57899444,42.23651944,"Sep-11"
"603","SFAR-R2-10","Stylophora pistillata ","FAR","R2",16.57899444,42.23651944,"Sep-11"
"604","SFAR-R2-12","Stylophora pistillata ","FAR","R2",16.57899444,42.23651944,"Sep-11"
"605","SFAR-R2-13","Stylophora pistillata ","FAR","R2",16.57899444,42.23651944,"Sep-11"
"606","SFAR-R2-14","Stylophora pistillata ","FAR","R2",16.57899444,42.23651944,"Sep-11"
"607","SFAR-R2-15","Stylophora pistillata ","FAR","R2",16.57899444,42.23651944,"Sep-11"
"608","SFAR-R2-16","Stylophora pistillata ","FAR","R2",16.57899444,42.23651944,"Sep-11"
"609","SFAR-R2-17","Stylophora pistillata ","FAR","R2",16.57899444,42.23651944,"Sep-11"
"610","SFAR-R2-18","Stylophora pistillata ","FAR","R2",16.57899444,42.23651944,"Sep-11"
"611","SFAR-R2-20","Stylophora pistillata ","FAR","R2",16.57899444,42.23651944,"Sep-11"
"612","SFAR-R2-21","Stylophora pistillata ","FAR","R2",16.57899444,42.23651944,"Sep-11"
"613","SFAR-R2-23","Stylophora pistillata ","FAR","R2",16.57899444,42.23651944,"Sep-11"
"614","SFAR-R2-25","Stylophora pistillata ","FAR","R2",16.57899444,42.23651944,"Sep-11"
"615","SFAR-R2-26","Stylophora pistillata ","FAR","R2",16.57899444,42.23651944,"Sep-11"
"616","SFAR-R3-1","Stylophora pistillata ","FAR","R3",16.52518056,42.03253056,"Sep-11"
"617","SFAR-R3-2","Stylophora pistillata ","FAR","R3",16.52518056,42.03253056,"Sep-11"
"618","SFAR-R3-3","Stylophora pistillata ","FAR","R3",16.52518056,42.03253056,"Sep-11"
"619","SFAR-R3-5","Stylophora pistillata ","FAR","R3",16.52518056,42.03253056,"Sep-11"
"620","SFAR-R3-6","Stylophora pistillata ","FAR","R3",16.52518056,42.03253056,"Sep-11"
"621","SFAR-R3-8","Stylophora pistillata ","FAR","R3",16.52518056,42.03253056,"Sep-11"
"622","SFAR-R3-9","Stylophora pistillata ","FAR","R3",16.52518056,42.03253056,"Sep-11"
"623","SFAR-R3-10","Stylophora pistillata ","FAR","R3",16.52518056,42.03253056,"Sep-11"
"624","SFAR-R3-11","Stylophora pistillata ","FAR","R3",16.52518056,42.03253056,"Sep-11"
"625","SFAR-R3-12","Stylophora pistillata ","FAR","R3",16.52518056,42.03253056,"Sep-11"
"626","SFAR-R3-13","Stylophora pistillata ","FAR","R3",16.52518056,42.03253056,"Sep-11"
"627","SFAR-R3-14","Stylophora pistillata ","FAR","R3",16.52518056,42.03253056,"Sep-11"
"628","SFAR-R3-15","Stylophora pistillata ","FAR","R3",16.52518056,42.03253056,"Sep-11"
"629","SFAR-R3-16","Stylophora pistillata ","FAR","R3",16.52518056,42.03253056,"Sep-11"
"630","SFAR-R3-17","Stylophora pistillata ","FAR","R3",16.52518056,42.03253056,"Sep-11"
"631","SFAR-R3-18","Stylophora pistillata ","FAR","R3",16.52518056,42.03253056,"Sep-11"
"632","SFAR-R3-20","Stylophora pistillata ","FAR","R3",16.52518056,42.03253056,"Sep-11"
"633","SFAR-R3-21","Stylophora pistillata ","FAR","R3",16.52518056,42.03253056,"Sep-11"
"634","SFAR-R4-1","Stylophora pistillata ","FAR","R4",16.52736111,42.03191667,"Mar-12"
"635","SFAR-R4-2","Stylophora pistillata ","FAR","R4",16.52736111,42.03191667,"Mar-12"
"636","SFAR-R4-3","Stylophora pistillata ","FAR","R4",16.52736111,42.03191667,"Mar-12"
"637","SFAR-R4-4","Stylophora pistillata ","FAR","R4",16.52736111,42.03191667,"Mar-12"
"638","SFAR-R4-5","Stylophora pistillata ","FAR","R4",16.52736111,42.03191667,"Mar-12"
"639","SFAR-R4-6","Stylophora pistillata ","FAR","R4",16.52736111,42.03191667,"Mar-12"
"640","SFAR-R4-7","Stylophora pistillata ","FAR","R4",16.52736111,42.03191667,"Mar-12"
"641","SFAR-R4-8","Stylophora pistillata ","FAR","R4",16.52736111,42.03191667,"Mar-12"
"642","SFAR-R4-9","Stylophora pistillata ","FAR","R4",16.52736111,42.03191667,"Mar-12"
"643","SFAR-R4-10","Stylophora pistillata ","FAR","R4",16.52736111,42.03191667,"Mar-12"
"644","SFAR-R4-11","Stylophora pistillata ","FAR","R4",16.52736111,42.03191667,"Mar-12"
"645","SFAR-R4-28","Stylophora pistillata ","FAR","R4",16.52736111,42.03191667,"Mar-12"
"646","SFAR-R4-26","Stylophora pistillata ","FAR","R4",16.52736111,42.03191667,"Mar-12"
"647","SFAR-R4-14","Stylophora pistillata ","FAR","R4",16.52736111,42.03191667,"Mar-12"
"648","SFAR-R4-15","Stylophora pistillata ","FAR","R4",16.52736111,42.03191667,"Mar-12"
"649","SFAR-R4-16","Stylophora pistillata ","FAR","R4",16.52736111,42.03191667,"Mar-12"
"650","SFAR-R4-17","Stylophora pistillata ","FAR","R4",16.52736111,42.03191667,"Mar-12"
"651","SFAR-R4-18","Stylophora pistillata ","FAR","R4",16.52736111,42.03191667,"Mar-12"
"652","SFAR-R4-19","Stylophora pistillata ","FAR","R4",16.52736111,42.03191667,"Mar-12"
"653","SFAR-R4-20","Stylophora pistillata ","FAR","R4",16.52736111,42.03191667,"Mar-12"
"654","SFAR-R4-21","Stylophora pistillata ","FAR","R4",16.52736111,42.03191667,"Mar-12"
"655","SFAR-R4-22","Stylophora pistillata ","FAR","R4",16.52736111,42.03191667,"Mar-12"
"656","SFAR-R4-23","Stylophora pistillata ","FAR","R4",16.52736111,42.03191667,"Mar-12"
"657","SFAR-R4-24","Stylophora pistillata ","FAR","R4",16.52736111,42.03191667,"Mar-12"
"658","SFAR-R4-25","Stylophora pistillata ","FAR","R4",16.52736111,42.03191667,"Mar-12"
"659","SFAR-R4-30","Stylophora pistillata ","FAR","R4",16.52736111,42.03191667,"Mar-12"
